Customer ID,Gender,Region,Product Name,Category,Age,Unit Price,Quantity,Total Price,Shipping Fee,Order Date,Shipping Status,,,Descriptve analysis,,,,,,,,,,
CUST0268,Male,North,Monitor,Electronics,49,300,5,1500,13.31,12/8/2023,Returned,,Age,,Unit Price,,Quantity,,Total Price,,Shipping Fee,,Order Date,
CUST0046,Male,West,Headphones,Accessories,22,100,2,200,6.93,4/9/2023,In Transit,,,,,,,,,,,,,
CUST0169,Female,South,Monitor,Electronics,54,300,1,300,11.31,8/28/2023,Returned,,Mean,46.926,Mean,457.703777,Mean,3.008,Mean,1346.6,Mean,12.41639,Mean,45114.813
CUST0002,Male,North,Headphones,Accessories,23,100,5,500,12.22,1/18/2023,Delivered,,Standard Error,0.450847854,Standard Error,16.98874963,Standard Error,0.04440617,Standard Error,57.99737007,Standard Error,0.139525538,Standard Error,3.430977942
CUST0173,Female,South,Laptop,Electronics,49,1500,3,4500,5.4,1/19/2023,Delivered,,Median,49,Median,200,Median,3,Median,600,Median,12.315,Median,45119.5
CUST0147,Male,North,Smartwatch,Wearables,64,200,2,400,11.26,1/11/2023,In Transit,,Mode,49,Mode,300,Mode,3,Mode,200,Mode,10.03,Mode,45294
CUST0262,Male,East,Smartwatch,Wearables,27,200,1,200,18.38,10/23/2023,In Transit,,Standard Deviation,14.25706098,Standard Deviation,537.2314344,Standard Deviation,1.404246384,Standard Deviation,1834.037877,Standard Deviation,4.412184906,Standard Deviation,108.497049
CUST0159,Female,South,Keyboard,Accessories,18,50,2,100,15.08,6/15/2023,Returned,,Sample Variance,203.2637878,Sample Variance,288617.6141,Sample Variance,1.971907908,Sample Variance,3363694.935,Sample Variance,19.46737564,Sample Variance,11771.60964
CUST0046,Female,East,Mouse,Accessories,22,30,1,30,8.22,2/25/2023,Returned,,Kurtosis,-0.871056386,Kurtosis,1.755092197,Kurtosis,-1.274238841,Kurtosis,3.021829562,Kurtosis,-1.201056996,Kurtosis,-1.193621597
CUST0023,Male,West,Headphones,Accessories,29,100,3,300,10.7,4/23/2023,Delivered,,Skewness,-0.33303802,Skewness,1.466267385,Skewness,-0.014227683,Skewness,1.926718193,Skewness,0.050053268,Skewness,-0.076927344
CUST0201,Female,East,Headphones,Accessories,49,100,2,200,9.8,6/1/2023,Returned,,Range,51,Range,3079.560612,Range,4,Range,7470,Range,14.98,Range,367
CUST0283,Female,West,Mouse,Accessories,67,30,3,90,5.65,9/13/2023,In Transit,,Minimum,18,Minimum,30,Minimum,1,Minimum,30,Minimum,5,Minimum,44927
CUST0199,Female,West,Keyboard,Accessories,41,50,5,250,7.13,2/17/2023,Delivered,,Maximum,69,Maximum,3109.560612,Maximum,5,Maximum,7500,Maximum,19.98,Maximum,45294
CUST0039,Male,South,Keyboard,Accessories,60,50,4,200,10.91,12/10/2023,Returned,,Sum,46926,Sum,457703.777,Sum,3008,Sum,1346600,Sum,12416.39,Sum,45114813
CUST0276,Male,West,Mouse,Accessories,66,30,1,30,11.36,6/29/2023,In Transit,,Count,1000,Count,1000,Count,1000,Count,1000,Count,1000,Count,1000
CUST0143,Female,Unknown,Smartwatch,Wearables,36,200,3,600,7.89,7/14/2023,Delivered,,Confidence Level(95.0%),0.884717437,Confidence Level(95.0%),33.33772778,Confidence Level(95.0%),0.087140068,Confidence Level(95.0%),113.8106439,Confidence Level(95.0%),0.273796747,Confidence Level(95.0%),6.732750268
CUST0139,Male,North,Laptop,Electronics,57,1500,4,6000,10.92,5/13/2023,In Transit,,,,,,,,,,,,,
CUST0210,Male,South,Smartphone,Electronics,30,800,2,1600,11.44,6/9/2023,Returned,,,Corelation,,,,,,,,,,
CUST0293,Female,East,Smartwatch,Wearables,32,200,5,1000,7.16,6/21/2023,In Transit,,,Age,Unit Price,Quantity,Total Price,Shipping Fee,Order Date,,,,,
CUST0049,Female,West,Monitor,Electronics,59,300,4,1200,17.37,11/26/2023,In Transit,,Age,1,,,,,,,,,,
CUST0283,Female,East,Smartphone,Electronics,67,800,5,4000,12.17,11/8/2023,Delivered,,Unit Price,0.054736679,1,,,,,,,,,
CUST0196,Female,South,Mouse,Accessories,37,30,3,90,19.41,12/27/2023,Returned,,Quantity,0.016479266,0.002677965,1,,,,,,,,
CUST0050,Male,North,Mouse,Accessories,49,30,3,90,6.97,6/6/2023,Returned,,Total Price,0.038585656,0.82436007,0.360876679,1,,,,,,,
CUST0007,Female,East,Headphones,Accessories,52,100,2,200,12,10/28/2023,In Transit,,Shipping Fee,0.02400776,0.01685123,0.045812158,0.003248559,1,,,,,,
CUST0242,Male,North,Smartphone,Electronics,58,800,4,3200,18.11,12/30/2023,Unknown,,Order Date,0.053383838,0.015327518,0.011724352,0.022545366,-0.013027499,1,,,,,
CUST0042,Female,South,Keyboard,Accessories,57,50,1,50,9.6,12/4/2023,Delivered,,,,,,,,,,,,,
CUST0264,Male,East,Smartphone,Electronics,59,1658.432327,2,1600,11.59,2/1/2023,In Transit,,,,,,,,,,,,,
CUST0053,Female,North,Smartwatch,Wearables,25,200,1,200,14.9,8/14/2023,Delivered,Isblank check,0,0,0,0,0,0,0,0,0,0,0,0
CUST0154,Female,East,Smartphone,Electronics,31,800,1,800,19.22,12/7/2023,In Transit,,,,,,,,,,,,,
CUST0190,Male,North,Keyboard,Accessories,28,50,4,200,15.31,6/28/2023,Delivered,,,,,,,,,,,,,
CUST0038,Female,East,Monitor,Electronics,57,300,2,600,12.38,11/17/2023,Returned,,,,,,,,,,,,,
CUST0288,Female,South,Laptop,Electronics,49,1500,4,6000,12.91,1/25/2023,Delivered,,,,,,,,,,,,,
CUST0124,Female,South,Monitor,Electronics,53,300,2,600,18.38,9/5/2023,In Transit,,,,,,,,,,,,,
CUST0298,Female,South,Headphones,Accessories,58,100,5,500,7.41,9/17/2023,Delivered,,,,,,,,,,,,,
CUST0211,Female,South,Mouse,Accessories,35,30,3,90,11.42,12/25/2023,Delivered,,,,,,,,,,,,,
CUST0060,Male,North,Laptop,Electronics,41,1500,4,6000,7.13,1/14/2023,Delivered,,,,,,,,,,,,,
CUST0284,Female,West,Monitor,Electronics,64,300,1,300,6.55,8/1/2023,Returned,,,,,,,,,,,,,
CUST0282,Male,North,Smartphone,Electronics,49,800,2,1600,9.72,2/12/2023,Delivered,,,,,,,,,,,,,
CUST0205,Female,South,Monitor,Electronics,43,300,2,600,18.27,5/18/2023,In Transit,,,,,,,,,,,,,
CUST0222,Female,Unknown,Smartphone,Electronics,61,800,2,1600,6.01,10/3/2023,Returned,,,,,,,,,,,,,
CUST0299,Male,East,Keyboard,Accessories,58,50,2,100,9.57,8/30/2023,Returned,,,,,,,,,,,,,
CUST0064,Male,West,Monitor,Electronics,61,300,1,300,13.82,9/15/2023,Returned,,,,,,,,,,,,,
CUST0073,Male,East,Keyboard,Accessories,19,50,4,200,5.32,2/14/2023,Delivered,,,,,,,,,,,,,
CUST0154,Male,North,Keyboard,Accessories,31,50,3,150,7.46,2/27/2023,Delivered,,,,,,,,,,,,,
CUST0081,Male,North,Monitor,Electronics,38,300,1,300,17.22,8/13/2023,Returned,,,,,,,,,,,,,
CUST0247,Male,East,Headphones,Accessories,44,100,2,200,8.15,5/9/2023,In Transit,,,,,,,,,,,,,
CUST0130,Male,East,Monitor,Electronics,68,300,2,600,9.56,12/23/2023,Unknown,,,,,,,,,,,,,
CUST0178,Male,West,Smartwatch,Wearables,44,200,3,600,18.09,10/28/2023,In Transit,,,,,,,,,,,,,
CUST0131,Female,West,Laptop,Electronics,67,1500,4,6000,7.01,9/1/2023,Delivered,,,,,,,,,,,,,
CUST0070,Male,West,Monitor,Electronics,23,300,3,900,12.58,4/16/2023,Returned,,,,,,,,,,,,,
CUST0122,Male,West,Headphones,Accessories,68,100,2,200,13.49,12/13/2023,In Transit,,,,,,,,,,,,,
CUST0168,Female,East,Monitor,Electronics,42,300,4,1200,18.15,3/27/2023,In Transit,,,,,,,,,,,,,
CUST0176,Male,South,Laptop,Electronics,51,1500,2,3000,7.43,11/16/2023,Delivered,,,,,,,,,,,,,
CUST0064,Female,West,Laptop,Electronics,61,1500,2,3000,5.42,6/14/2023,Returned,,,,,,,,,,,,,
CUST0125,Female,South,Smartphone,Electronics,46,800,5,4000,10.62,1/26/2023,Returned,,,,,,,,,,,,,
CUST0165,Female,West,Keyboard,Accessories,49,50,4,200,19.72,12/25/2023,Unknown,,,,,,,,,,,,,
CUST0057,Male,North,Keyboard,Accessories,62,50,4,200,12.79,9/29/2023,Delivered,,,,,,,,,,,,,
CUST0207,Male,South,Laptop,Electronics,54,1500,1,1500,5.16,3/14/2023,Delivered,,,,,,,,,,,,,
CUST0167,Female,North,Headphones,Accessories,67,100,2,200,11.65,12/14/2023,Returned,,,,,,,,,,,,,
CUST0006,Male,South,Laptop,Electronics,52,1500,5,7500,19.69,9/17/2023,In Transit,,,,,,,,,,,,,
CUST0041,Male,East,Smartphone,Electronics,64,800,4,3200,17.27,8/8/2023,In Transit,,,,,,,,,,,,,
CUST0112,Male,North,Monitor,Electronics,33,300,4,1200,14.88,4/12/2023,Delivered,,,,,,,,,,,,,
CUST0244,Female,West,Headphones,Accessories,24,100,3,300,8.49,2/21/2023,In Transit,,,,,,,,,,,,,
CUST0218,Male,East,Headphones,Accessories,36,100,2,200,7.71,11/3/2023,Returned,,,,,,,,,,,,,
CUST0073,Male,North,Monitor,Electronics,19,300,5,1500,13.7,1/16/2023,In Transit,,,,,,,,,,,,,
CUST0083,Male,East,Monitor,Electronics,28,300,1,300,17.98,1/3/2024,Returned,,,,,,,,,,,,,
CUST0065,Female,East,Headphones,Accessories,49,100,2,200,13.06,2/5/2023,Returned,,,,,,,,,,,,,
CUST0096,Female,Unknown,Smartphone,Electronics,61,800,4,3200,11.79,2/7/2023,In Transit,,,,,,,,,,,,,
CUST0060,Male,South,Keyboard,Accessories,41,50,4,200,19.12,4/3/2023,Returned,,,,,,,,,,,,,
CUST0045,Male,East,Mouse,Accessories,21,30,1,30,6.17,10/23/2023,In Transit,,,,,,,,,,,,,
CUST0296,Female,North,Keyboard,Accessories,50,50,2,100,13.82,7/25/2023,In Transit,,,,,,,,,,,,,
CUST0261,Male,West,Laptop,Electronics,48,1500,5,7500,15.95,10/1/2023,Returned,,,,,,,,,,,,,
CUST0077,Male,South,Keyboard,Accessories,50,50,5,250,10.89,3/19/2023,Delivered,,,,,,,,,,,,,
CUST0227,Female,West,Keyboard,Accessories,54,50,4,200,9.22,10/5/2023,Returned,,,,,,,,,,,,,
CUST0284,Female,North,Keyboard,Accessories,64,50,3,150,17.76,4/11/2023,In Transit,,,,,,,,,,,,,
CUST0245,Male,North,Mouse,Accessories,63,30,1,30,13.28,9/11/2023,Returned,,,,,,,,,,,,,
CUST0133,Female,North,Smartphone,Electronics,47,800,1,800,11.29,10/28/2023,Returned,,,,,,,,,,,,,
CUST0179,Male,North,Keyboard,Accessories,45,50,2,100,19.04,3/16/2023,Delivered,,,,,,,,,,,,,
CUST0022,Female,North,Smartwatch,Wearables,33,200,2,400,10.07,11/21/2023,Delivered,,,,,,,,,,,,,
CUST0269,Female,East,Laptop,Electronics,64,1500,5,7500,6.53,12/3/2023,Returned,,,,,,,,,,,,,
CUST0181,Male,East,Smartwatch,Wearables,59,200,3,600,9.82,2/8/2023,In Transit,,,,,,,,,,,,,
CUST0170,Female,South,Mouse,Accessories,40,30,5,150,8.64,12/22/2023,Delivered,,,,,,,,,,,,,
CUST0182,Male,West,Monitor,Electronics,49,300,5,1500,7.77,10/24/2023,In Transit,,,,,,,,,,,,,
CUST0219,Male,Unknown,Mouse,Accessories,48,62.19121225,2,60,7.4,8/20/2023,Returned,,,,,,,,,,,,,
CUST0037,Male,West,Keyboard,Accessories,51,103.6520204,4,200,11.41,5/20/2023,Returned,,,,,,,,,,,,,
CUST0006,Female,West,Monitor,Electronics,52,300,3,900,5.66,2/18/2023,Delivered,,,,,,,,,,,,,
CUST0125,Female,West,Mouse,Accessories,46,30,4,120,5.71,1/3/2024,Delivered,,,,,,,,,,,,,
CUST0006,Male,North,Smartwatch,Wearables,52,200,1,200,13.68,8/2/2023,Delivered,,,,,,,,,,,,,
CUST0091,Female,South,Mouse,Accessories,30,30,1,30,18.29,4/19/2023,In Transit,,,,,,,,,,,,,
CUST0064,Male,North,Smartphone,Electronics,61,800,5,4000,6.31,6/29/2023,Delivered,,,,,,,,,,,,,
CUST0286,Female,North,Laptop,Electronics,63,1500,1,1500,13.15,3/8/2023,Delivered,,,,,,,,,,,,,
CUST0288,Male,West,Headphones,Accessories,55,100,2,200,16.23,7/4/2023,Returned,,,,,,,,,,,,,
CUST0019,Female,East,Keyboard,Accessories,69,50,1,50,14.53,4/23/2023,Returned,,,,,,,,,,,,,
CUST0236,Male,East,Keyboard,Accessories,18,50,2,100,11.25,3/24/2023,Returned,,,,,,,,,,,,,
CUST0159,Male,West,Keyboard,Accessories,18,50,5,250,11.11,9/11/2023,Returned,,,,,,,,,,,,,
CUST0251,Male,North,Mouse,Accessories,42,30,2,60,18.98,2/2/2023,In Transit,,,,,,,,,,,,,
CUST0159,Male,North,Headphones,Accessories,18,100,1,100,18.47,8/13/2023,Delivered,,,,,,,,,,,,,
CUST0064,Male,West,Monitor,Electronics,61,300,4,1200,18.5,5/23/2023,Returned,,,,,,,,,,,,,
CUST0099,Female,South,Laptop,Electronics,26,1500,4,6000,15.74,8/12/2023,Returned,,,,,,,,,,,,,
CUST0228,Male,North,Smartphone,Electronics,25,800,4,3200,18.2,1/24/2023,In Transit,,,,,,,,,,,,,
CUST0024,Female,East,Smartwatch,Wearables,57,200,2,400,17.94,12/8/2023,In Transit,,,,,,,,,,,,,
CUST0113,Male,South,Smartphone,Electronics,38,800,2,1600,16.51,9/14/2023,In Transit,,,,,,,,,,,,,
CUST0192,Female,North,Smartwatch,Wearables,58,200,4,800,9.97,11/12/2023,Delivered,,,,,,,,,,,,,
CUST0153,Female,East,Monitor,Electronics,40,300,1,300,6.85,6/21/2023,Returned,,,,,,,,,,,,,
CUST0057,Female,East,Keyboard,Accessories,62,50,5,250,14.04,1/3/2024,Unknown,,,,,,,,,,,,,
CUST0192,Male,Unknown,Keyboard,Accessories,58,50,3,150,6.37,1/3/2024,In Transit,,,,,,,,,,,,,
CUST0150,Female,North,Laptop,Electronics,63,1500,3,4500,18.66,5/6/2023,Returned,,,,,,,,,,,,,
CUST0203,Male,South,Mouse,Accessories,33,30,1,30,7.78,1/3/2023,In Transit,,,,,,,,,,,,,
CUST0163,Female,North,Headphones,Accessories,22,100,3,300,6.16,10/12/2023,Returned,,,,,,,,,,,,,
CUST0203,Female,East,Laptop,Electronics,33,1500,3,4500,6.92,6/26/2023,Returned,,,,,,,,,,,,,
CUST0223,Female,Unknown,Mouse,Accessories,20,62.19121225,2,60,15.12,5/26/2023,In Transit,,,,,,,,,,,,,
CUST0266,Male,North,Mouse,Accessories,49,30,5,150,16.86,11/8/2023,Returned,,,,,,,,,,,,,
CUST0227,Male,West,Smartphone,Electronics,54,800,3,2400,18.76,12/7/2023,In Transit,,,,,,,,,,,,,
CUST0289,Male,West,Laptop,Electronics,37,1500,5,7500,6.68,7/6/2023,Delivered,,,,,,,,,,,,,
CUST0046,Female,South,Laptop,Electronics,22,1500,3,4500,11.69,6/20/2023,Delivered,,,,,,,,,,,,,
CUST0173,Male,Unknown,Headphones,Accessories,65,100,1,100,19.28,2/11/2023,Returned,,,,,,,,,,,,,
CUST0008,Female,North,Headphones,Accessories,49,100,5,500,16.04,2/2/2023,Delivered,,,,,,,,,,,,,
CUST0015,Male,West,Headphones,Accessories,58,100,3,300,6.08,3/22/2023,Returned,,,,,,,,,,,,,
CUST0002,Male,East,Smartphone,Electronics,23,800,1,800,12.64,9/10/2023,Returned,,,,,,,,,,,,,
CUST0189,Female,South,Mouse,Accessories,38,30,1,30,10.92,2/22/2023,Delivered,,,,,,,,,,,,,
CUST0137,Male,North,Smartphone,Electronics,19,800,3,2400,16.82,5/20/2023,In Transit,,,,,,,,,,,,,
CUST0139,Male,South,Smartwatch,Wearables,49,200,2,400,9.18,6/26/2023,Delivered,,,,,,,,,,,,,
CUST0033,Female,South,Monitor,Electronics,49,300,2,600,15.3,4/12/2023,Delivered,,,,,,,,,,,,,
CUST0297,Male,North,Monitor,Electronics,61,300,2,600,13.84,10/10/2023,In Transit,,,,,,,,,,,,,
CUST0008,Female,North,Keyboard,Accessories,18,50,3,150,13.86,5/29/2023,Delivered,,,,,,,,,,,,,
CUST0267,Male,North,Laptop,Electronics,29,1500,3,4500,14.23,6/1/2023,Returned,,,,,,,,,,,,,
CUST0028,Male,Unknown,Smartwatch,Wearables,50,200,5,1000,6.09,8/22/2023,In Transit,,,,,,,,,,,,,
CUST0078,Female,North,Laptop,Electronics,38,1500,3,4500,19.98,5/10/2023,In Transit,,,,,,,,,,,,,
CUST0003,Male,North,Smartphone,Electronics,63,800,5,4000,11.1,11/6/2023,In Transit,,,,,,,,,,,,,
CUST0049,Female,North,Laptop,Electronics,59,1500,1,1500,12.63,2/6/2023,Returned,,,,,,,,,,,,,
CUST0212,Female,North,Laptop,Electronics,49,1500,5,7500,10.18,11/18/2023,In Transit,,,,,,,,,,,,,
CUST0146,Male,North,Smartphone,Electronics,47,800,1,800,10.16,1/13/2023,Unknown,,,,,,,,,,,,,
CUST0082,Female,Unknown,Smartwatch,Wearables,49,200,1,200,6.03,4/21/2023,Returned,,,,,,,,,,,,,
CUST0036,Female,North,Keyboard,Accessories,33,50,1,50,6.06,8/2/2023,Delivered,,,,,,,,,,,,,
CUST0155,Female,North,Laptop,Electronics,41,1500,2,3000,9.21,2/2/2023,Returned,,,,,,,,,,,,,
CUST0138,Male,North,Keyboard,Accessories,46,50,3,150,5.09,3/16/2023,Returned,,,,,,,,,,,,,
CUST0201,Female,North,Mouse,Accessories,49,30,2,60,8.39,11/3/2023,In Transit,,,,,,,,,,,,,
CUST0197,Female,West,Mouse,Accessories,54,30,2,60,8.59,6/4/2023,Delivered,,,,,,,,,,,,,
CUST0082,Male,West,Laptop,Electronics,30,1500,1,1500,9.98,12/4/2023,Delivered,,,,,,,,,,,,,
CUST0091,Male,East,Laptop,Electronics,30,1500,5,7500,7.58,9/26/2023,Delivered,,,,,,,,,,,,,
CUST0066,Male,West,Laptop,Electronics,37,1500,2,3000,5.69,1/18/2023,Returned,,,,,,,,,,,,,
CUST0026,Female,East,Monitor,Electronics,27,300,1,300,16.61,11/23/2023,In Transit,,,,,,,,,,,,,
CUST0078,Female,West,Smartwatch,Wearables,38,200,4,800,18.89,5/3/2023,Returned,,,,,,,,,,,,,
CUST0281,Male,West,Keyboard,Accessories,44,50,4,200,19.81,8/27/2023,In Transit,,,,,,,,,,,,,
CUST0299,Male,West,Headphones,Accessories,58,100,5,500,14.5,1/16/2023,Returned,,,,,,,,,,,,,
CUST0053,Female,East,Smartwatch,Wearables,25,200,5,1000,16.41,7/25/2023,In Transit,,,,,,,,,,,,,
CUST0239,Male,North,Smartwatch,Wearables,35,200,1,200,7.32,11/18/2023,Delivered,,,,,,,,,,,,,
CUST0069,Male,East,Headphones,Accessories,49,100,3,300,10.81,12/7/2023,Returned,,,,,,,,,,,,,
CUST0245,Male,West,Mouse,Accessories,63,30,3,90,13.95,5/15/2023,Returned,,,,,,,,,,,,,
CUST0258,Female,South,Monitor,Electronics,39,300,4,1200,9.55,5/16/2023,In Transit,,,,,,,,,,,,,
CUST0177,Male,South,Smartwatch,Wearables,29,200,3,600,13.87,3/18/2023,In Transit,,,,,,,,,,,,,
CUST0140,Male,East,Headphones,Accessories,49,100,2,200,10.96,3/8/2023,Delivered,,,,,,,,,,,,,
CUST0089,Female,North,Mouse,Accessories,27,30,3,90,6.45,9/19/2023,In Transit,,,,,,,,,,,,,
CUST0168,Female,West,Smartphone,Electronics,42,800,2,1600,13.79,9/25/2023,In Transit,,,,,,,,,,,,,
CUST0176,Male,East,Laptop,Electronics,51,1500,3,4500,16.42,10/28/2023,In Transit,,,,,,,,,,,,,
CUST0089,Female,South,Monitor,Electronics,27,300,3,900,7.99,2/21/2023,In Transit,,,,,,,,,,,,,
CUST0281,Female,West,Keyboard,Accessories,44,50,2,100,6.45,8/28/2023,Returned,,,,,,,,,,,,,
CUST0044,Male,East,Mouse,Accessories,30,30,5,150,16.62,10/28/2023,Returned,,,,,,,,,,,,,
CUST0137,Female,South,Monitor,Electronics,49,300,5,1500,6,11/8/2023,Delivered,,,,,,,,,,,,,
CUST0174,Female,East,Laptop,Electronics,68,1500,1,1500,16.34,5/7/2023,Delivered,,,,,,,,,,,,,
CUST0141,Female,East,Mouse,Accessories,58,30,1,30,12.22,10/3/2023,In Transit,,,,,,,,,,,,,
CUST0202,Male,South,Mouse,Accessories,56,30,3,90,5.07,1/5/2023,Delivered,,,,,,,,,,,,,
CUST0259,Male,West,Laptop,Electronics,59,1500,2,3000,7.5,8/22/2023,Delivered,,,,,,,,,,,,,
CUST0045,Female,East,Smartphone,Electronics,21,800,3,2400,15.78,11/7/2023,Delivered,,,,,,,,,,,,,
CUST0168,Female,West,Keyboard,Accessories,42,50,1,50,15.92,6/24/2023,Delivered,,,,,,,,,,,,,
CUST0027,Female,Unknown,Keyboard,Accessories,36,50,5,250,11.09,6/6/2023,Returned,,,,,,,,,,,,,
CUST0228,Male,South,Mouse,Accessories,25,30,4,120,18.6,6/29/2023,Returned,,,,,,,,,,,,,
CUST0199,Female,South,Smartphone,Electronics,41,800,4,3200,16.45,1/18/2023,In Transit,,,,,,,,,,,,,
CUST0065,Male,North,Headphones,Accessories,41,100,5,500,19.62,3/4/2023,Delivered,,,,,,,,,,,,,
CUST0146,Female,East,Laptop,Electronics,47,1500,3,4500,8.87,9/11/2023,Delivered,,,,,,,,,,,,,
CUST0093,Male,North,Monitor,Electronics,66,300,1,300,16.58,2/27/2023,Delivered,,,,,,,,,,,,,
CUST0168,Female,South,Monitor,Electronics,42,300,1,300,14.7,11/16/2023,Delivered,,,,,,,,,,,,,
CUST0216,Male,South,Smartphone,Electronics,53,800,2,1600,16.23,7/19/2023,In Transit,,,,,,,,,,,,,
CUST0062,Male,West,Headphones,Accessories,43,100,4,400,11.4,4/24/2023,Returned,,,,,,,,,,,,,
CUST0125,Male,West,Smartphone,Electronics,46,800,5,4000,19.08,5/1/2023,In Transit,,,,,,,,,,,,,
CUST0060,Male,Unknown,Keyboard,Accessories,41,50,1,50,5.56,6/26/2023,Delivered,,,,,,,,,,,,,
CUST0056,Female,South,Smartwatch,Wearables,23,200,2,400,5.73,1/3/2024,Returned,,,,,,,,,,,,,
CUST0247,Male,South,Smartphone,Electronics,44,800,1,800,7.11,1/19/2023,In Transit,,,,,,,,,,,,,
CUST0131,Female,East,Monitor,Electronics,67,300,1,300,15.92,5/3/2023,Unknown,,,,,,,,,,,,,
CUST0114,Female,West,Monitor,Electronics,60,300,3,900,18.61,7/21/2023,In Transit,,,,,,,,,,,,,
CUST0082,Female,Unknown,Smartphone,Electronics,49,800,4,3200,13.77,10/11/2023,Delivered,,,,,,,,,,,,,
CUST0184,Female,West,Mouse,Accessories,54,30,3,90,14.78,6/15/2023,Returned,,,,,,,,,,,,,
CUST0075,Female,South,Monitor,Electronics,56,300,2,600,13.6,8/16/2023,Delivered,,,,,,,,,,,,,
CUST0142,Male,East,Monitor,Electronics,32,300,1,300,15.5,4/14/2023,Delivered,,,,,,,,,,,,,
CUST0076,Male,East,Headphones,Accessories,26,100,5,500,16.96,10/24/2023,Delivered,,,,,,,,,,,,,
CUST0105,Male,East,Smartwatch,Wearables,27,200,5,1000,12,7/14/2023,In Transit,,,,,,,,,,,,,
CUST0004,Female,West,Keyboard,Accessories,65,50,3,150,19.62,12/6/2023,In Transit,,,,,,,,,,,,,
CUST0127,Male,North,Smartwatch,Wearables,62,200,2,400,11.66,8/31/2023,Delivered,,,,,,,,,,,,,
CUST0072,Male,South,Headphones,Accessories,21,100,1,100,11.24,9/2/2023,Delivered,,,,,,,,,,,,,
CUST0216,Male,North,Smartphone,Electronics,53,800,4,3200,6.27,4/6/2023,Returned,,,,,,,,,,,,,
CUST0156,Female,South,Smartphone,Electronics,57,800,4,3200,16.09,12/29/2023,In Transit,,,,,,,,,,,,,
CUST0052,Male,North,Mouse,Accessories,66,30,4,120,8.24,6/9/2023,Returned,,,,,,,,,,,,,
CUST0226,Female,West,Smartphone,Electronics,49,800,4,3200,17.91,6/14/2023,In Transit,,,,,,,,,,,,,
CUST0270,Female,West,Laptop,Electronics,64,1500,1,1500,18.88,7/14/2023,Returned,,,,,,,,,,,,,
CUST0269,Male,North,Monitor,Electronics,64,621.9121225,5,1500,6.93,4/23/2023,Delivered,,,,,,,,,,,,,
CUST0183,Female,West,Smartphone,Electronics,42,800,3,2400,7.22,10/21/2023,Delivered,,,,,,,,,,,,,
CUST0205,Male,South,Keyboard,Accessories,43,50,2,100,5.05,10/9/2023,Delivered,,,,,,,,,,,,,
CUST0080,Female,East,Headphones,Accessories,51,100,1,100,19.84,5/27/2023,Delivered,,,,,,,,,,,,,
CUST0208,Female,West,Laptop,Electronics,57,1500,1,1500,16.28,2/1/2023,Returned,,,,,,,,,,,,,
CUST0186,Female,West,Mouse,Accessories,55,30,5,150,17.36,5/7/2023,In Transit,,,,,,,,,,,,,
CUST0109,Female,Unknown,Mouse,Accessories,57,30,1,30,9.59,3/12/2023,In Transit,,,,,,,,,,,,,
CUST0028,Female,East,Headphones,Accessories,50,100,5,500,16.11,11/7/2023,In Transit,,,,,,,,,,,,,
CUST0083,Male,West,Keyboard,Accessories,28,50,2,100,9.48,9/14/2023,Returned,,,,,,,,,,,,,
CUST0027,Female,South,Monitor,Electronics,36,300,2,600,18.44,3/19/2023,Returned,,,,,,,,,,,,,
CUST0203,Female,South,Keyboard,Accessories,33,50,5,250,8.43,10/5/2023,In Transit,,,,,,,,,,,,,
CUST0095,Female,East,Laptop,Electronics,49,1500,5,7500,7.38,6/18/2023,Returned,,,,,,,,,,,,,
CUST0204,Male,North,Smartphone,Electronics,54,800,2,1600,6.45,3/16/2023,Delivered,,,,,,,,,,,,,
CUST0165,Male,West,Keyboard,Accessories,49,50,1,50,8.97,5/23/2023,Returned,,,,,,,,,,,,,
CUST0269,Male,North,Headphones,Accessories,64,100,3,300,11.64,11/24/2023,Returned,,,,,,,,,,,,,
CUST0134,Male,North,Monitor,Electronics,49,621.9121225,5,1500,7.22,8/5/2023,Returned,,,,,,,,,,,,,
CUST0116,Female,East,Headphones,Accessories,49,100,2,200,15.13,1/23/2023,Delivered,,,,,,,,,,,,,
CUST0137,Female,West,Smartphone,Electronics,19,800,3,2400,11.21,8/1/2023,Returned,,,,,,,,,,,,,
CUST0100,Male,West,Keyboard,Accessories,29,50,2,100,5.18,4/14/2023,Returned,,,,,,,,,,,,,
CUST0282,Male,North,Smartwatch,Wearables,68,200,3,600,7.93,6/22/2023,In Transit,,,,,,,,,,,,,
CUST0094,Male,North,Laptop,Electronics,30,1500,1,1500,14.53,4/18/2023,In Transit,,,,,,,,,,,,,
CUST0194,Female,West,Mouse,Accessories,61,62.19121225,1,30,10.41,1/28/2023,Returned,,,,,,,,,,,,,
CUST0174,Female,North,Smartphone,Electronics,49,800,4,3200,9.45,5/8/2023,Returned,,,,,,,,,,,,,
CUST0273,Female,South,Laptop,Electronics,49,1500,2,3000,9.01,6/7/2023,In Transit,,,,,,,,,,,,,
CUST0188,Male,North,Smartphone,Electronics,29,800,5,4000,6.06,2/24/2023,Delivered,,,,,,,,,,,,,
CUST0109,Male,West,Keyboard,Accessories,57,50,3,150,11.12,2/16/2023,In Transit,,,,,,,,,,,,,
CUST0081,Male,West,Smartwatch,Wearables,38,200,3,600,19.89,8/7/2023,Returned,,,,,,,,,,,,,
CUST0298,Male,North,Smartphone,Electronics,58,800,4,3200,18.55,4/4/2023,Unknown,,,,,,,,,,,,,
CUST0189,Female,East,Monitor,Electronics,38,300,1,300,11.89,5/1/2023,In Transit,,,,,,,,,,,,,
CUST0092,Female,East,Smartphone,Electronics,32,800,3,2400,14.12,9/28/2023,In Transit,,,,,,,,,,,,,
CUST0254,Female,West,Mouse,Accessories,49,30,2,60,7.56,12/25/2023,Delivered,,,,,,,,,,,,,
CUST0150,Male,South,Headphones,Accessories,63,100,4,400,11.39,5/6/2023,Delivered,,,,,,,,,,,,,
CUST0264,Female,West,Keyboard,Accessories,59,103.6520204,4,200,10.49,8/21/2023,Delivered,,,,,,,,,,,,,
CUST0105,Male,West,Headphones,Accessories,27,100,3,300,17.92,3/13/2023,Returned,,,,,,,,,,,,,
CUST0253,Female,West,Laptop,Electronics,51,1500,1,1500,12.36,2/28/2023,Returned,,,,,,,,,,,,,
CUST0188,Male,West,Monitor,Electronics,29,300,4,1200,8.15,7/26/2023,Delivered,,,,,,,,,,,,,
CUST0052,Male,East,Monitor,Electronics,66,300,2,600,19.1,7/2/2023,Unknown,,,,,,,,,,,,,
CUST0204,Male,East,Smartwatch,Wearables,54,200,5,1000,10.03,10/17/2023,Returned,,,,,,,,,,,,,
CUST0180,Male,East,Monitor,Electronics,68,300,3,900,5,10/18/2023,In Transit,,,,,,,,,,,,,
CUST0189,Female,West,Laptop,Electronics,49,1500,3,4500,9.92,4/6/2023,Delivered,,,,,,,,,,,,,
CUST0023,Female,South,Monitor,Electronics,29,300,3,900,18.32,7/20/2023,Delivered,,,,,,,,,,,,,
CUST0263,Female,West,Smartwatch,Wearables,40,200,1,200,8.82,4/8/2023,Returned,,,,,,,,,,,,,
CUST0195,Male,West,Keyboard,Accessories,48,50,3,150,16.84,1/8/2023,Returned,,,,,,,,,,,,,
CUST0272,Female,West,Laptop,Electronics,52,1500,5,7500,9.45,5/13/2023,Unknown,,,,,,,,,,,,,
CUST0256,Male,East,Monitor,Electronics,69,300,4,1200,8.25,8/15/2023,Returned,,,,,,,,,,,,,
CUST0131,Male,North,Smartphone,Electronics,67,800,4,3200,14.61,9/18/2023,In Transit,,,,,,,,,,,,,
CUST0279,Female,North,Mouse,Accessories,59,30,1,30,6.08,2/15/2023,Returned,,,,,,,,,,,,,
CUST0250,Female,West,Smartwatch,Wearables,64,200,2,400,15.94,11/28/2023,Delivered,,,,,,,,,,,,,
CUST0012,Male,East,Mouse,Accessories,49,30,3,90,16.49,7/29/2023,In Transit,,,,,,,,,,,,,
CUST0127,Female,South,Smartphone,Electronics,62,800,4,3200,6.66,7/10/2023,In Transit,,,,,,,,,,,,,
CUST0128,Female,North,Monitor,Electronics,52,621.9121225,3,900,11.04,10/25/2023,Delivered,,,,,,,,,,,,,
CUST0155,Male,West,Headphones,Accessories,41,100,3,300,11.98,6/12/2023,Delivered,,,,,,,,,,,,,
CUST0115,Male,South,Headphones,Accessories,53,100,5,500,5.93,7/22/2023,In Transit,,,,,,,,,,,,,
CUST0115,Male,West,Smartwatch,Wearables,53,200,5,1000,19.43,6/25/2023,Returned,,,,,,,,,,,,,
CUST0282,Male,East,Smartphone,Electronics,68,800,3,2400,8.23,11/29/2023,Returned,,,,,,,,,,,,,
CUST0158,Male,West,Smartphone,Electronics,51,800,1,800,18.58,10/3/2023,Returned,,,,,,,,,,,,,
CUST0088,Female,South,Laptop,Electronics,66,1500,1,1500,13.16,2/6/2023,In Transit,,,,,,,,,,,,,
CUST0124,Male,South,Monitor,Electronics,53,300,2,600,8.51,5/17/2023,Returned,,,,,,,,,,,,,
CUST0055,Female,North,Smartwatch,Wearables,45,200,2,400,10.82,9/23/2023,Returned,,,,,,,,,,,,,
CUST0201,Female,South,Laptop,Electronics,49,1500,3,4500,17.62,12/25/2023,Returned,,,,,,,,,,,,,
CUST0256,Female,West,Mouse,Accessories,69,30,5,150,9.07,2/19/2023,Delivered,,,,,,,,,,,,,
CUST0055,Male,East,Keyboard,Accessories,45,50,1,50,11.27,9/13/2023,Returned,,,,,,,,,,,,,
CUST0076,Male,South,Monitor,Electronics,26,300,4,1200,6.9,11/5/2023,Returned,,,,,,,,,,,,,
CUST0273,Male,South,Monitor,Electronics,55,300,3,900,7.31,1/15/2023,In Transit,,,,,,,,,,,,,
CUST0022,Female,Unknown,Mouse,Accessories,33,30,1,30,15.29,2/27/2023,Delivered,,,,,,,,,,,,,
CUST0204,Male,East,Laptop,Electronics,54,1500,2,3000,12.68,5/11/2023,Delivered,,,,,,,,,,,,,
CUST0194,Female,South,Mouse,Accessories,61,30,1,30,19.54,4/16/2023,In Transit,,,,,,,,,,,,,
CUST0138,Male,East,Smartphone,Electronics,46,800,4,3200,17.82,3/17/2023,Unknown,,,,,,,,,,,,,
CUST0071,Female,North,Mouse,Accessories,46,30,4,120,10.01,4/11/2023,In Transit,,,,,,,,,,,,,
CUST0044,Female,North,Keyboard,Accessories,30,50,4,200,16.61,10/16/2023,Returned,,,,,,,,,,,,,
CUST0273,Male,South,Headphones,Accessories,55,100,4,400,18.99,10/16/2023,In Transit,,,,,,,,,,,,,
CUST0196,Female,East,Headphones,Accessories,37,100,4,400,11.4,2/22/2023,Delivered,,,,,,,,,,,,,
CUST0212,Female,East,Mouse,Accessories,62,30,2,60,8.36,7/17/2023,Delivered,,,,,,,,,,,,,
CUST0106,Female,East,Mouse,Accessories,49,30,5,150,10.03,6/30/2023,Delivered,,,,,,,,,,,,,
CUST0133,Male,North,Headphones,Accessories,47,100,3,300,15,7/9/2023,Delivered,,,,,,,,,,,,,
CUST0262,Male,West,Mouse,Accessories,27,30,4,120,16.05,5/7/2023,Returned,,,,,,,,,,,,,
CUST0280,Female,East,Keyboard,Accessories,44,50,4,200,12.3,3/22/2023,In Transit,,,,,,,,,,,,,
CUST0074,Male,North,Smartwatch,Wearables,36,200,2,400,12.03,8/28/2023,Returned,,,,,,,,,,,,,
CUST0300,Female,East,Mouse,Accessories,49,30,3,90,11.56,1/17/2023,In Transit,,,,,,,,,,,,,
CUST0027,Female,North,Laptop,Electronics,36,1500,4,6000,11.21,10/16/2023,Unknown,,,,,,,,,,,,,
CUST0016,Male,South,Smartphone,Electronics,61,800,1,800,17.43,1/10/2023,Delivered,,,,,,,,,,,,,
CUST0152,Male,South,Smartphone,Electronics,69,800,3,2400,13.57,3/25/2023,Returned,,,,,,,,,,,,,
CUST0278,Female,East,Smartwatch,Wearables,52,200,3,600,10.21,1/29/2023,In Transit,,,,,,,,,,,,,
CUST0095,Female,South,Smartphone,Electronics,60,800,5,4000,18.75,1/19/2023,Delivered,,,,,,,,,,,,,
CUST0229,Male,West,Monitor,Electronics,45,300,1,300,16.7,9/16/2023,Delivered,,,,,,,,,,,,,
CUST0128,Male,West,Monitor,Electronics,52,300,1,300,14.67,7/21/2023,Delivered,,,,,,,,,,,,,
CUST0032,Female,South,Monitor,Electronics,63,300,5,1500,18,3/21/2023,Returned,,,,,,,,,,,,,
CUST0283,Female,South,Keyboard,Accessories,67,50,5,250,10.04,5/3/2023,In Transit,,,,,,,,,,,,,
CUST0238,Male,West,Keyboard,Accessories,26,50,4,200,10.23,1/24/2023,Delivered,,,,,,,,,,,,,
CUST0051,Male,West,Smartwatch,Wearables,41,200,4,800,8.56,1/3/2024,Returned,,,,,,,,,,,,,
CUST0144,Female,South,Smartphone,Electronics,49,800,5,4000,10.52,12/1/2023,Delivered,,,,,,,,,,,,,
CUST0134,Male,South,Monitor,Electronics,58,300,5,1500,19.72,5/16/2023,Delivered,,,,,,,,,,,,,
CUST0129,Male,South,Mouse,Accessories,66,30,2,60,9.19,5/7/2023,In Transit,,,,,,,,,,,,,
CUST0148,Female,West,Headphones,Accessories,67,100,2,200,19.58,6/1/2023,Returned,,,,,,,,,,,,,
CUST0211,Male,North,Smartphone,Electronics,35,800,5,4000,15.61,1/27/2023,In Transit,,,,,,,,,,,,,
CUST0272,Male,South,Keyboard,Accessories,52,50,2,100,13.78,9/4/2023,Delivered,,,,,,,,,,,,,
CUST0092,Female,East,Mouse,Accessories,32,30,5,150,15.68,11/6/2023,Delivered,,,,,,,,,,,,,
CUST0203,Female,Unknown,Smartwatch,Wearables,33,200,1,200,14.86,9/24/2023,Returned,,,,,,,,,,,,,
CUST0109,Male,North,Smartwatch,Wearables,57,200,1,200,13.34,9/8/2023,Returned,,,,,,,,,,,,,
CUST0204,Female,South,Laptop,Electronics,54,1500,5,7500,5.02,8/28/2023,Returned,,,,,,,,,,,,,
CUST0291,Male,West,Smartwatch,Wearables,49,200,4,800,18.56,3/18/2023,Delivered,,,,,,,,,,,,,
CUST0153,Female,South,Headphones,Accessories,40,100,5,500,14.22,2/2/2023,Delivered,,,,,,,,,,,,,
CUST0220,Male,North,Headphones,Accessories,67,100,5,500,13.85,3/15/2023,Returned,,,,,,,,,,,,,
CUST0199,Female,North,Mouse,Accessories,41,30,3,90,18.37,1/3/2024,Returned,,,,,,,,,,,,,
CUST0245,Male,West,Smartphone,Electronics,63,800,2,1600,19.63,12/27/2023,Delivered,,,,,,,,,,,,,
CUST0228,Male,North,Smartphone,Electronics,25,800,1,800,5.64,9/23/2023,In Transit,,,,,,,,,,,,,
CUST0106,Male,North,Laptop,Electronics,50,1500,5,7500,15.14,6/8/2023,In Transit,,,,,,,,,,,,,
CUST0174,Male,West,Mouse,Accessories,68,30,4,120,14.02,9/13/2023,Returned,,,,,,,,,,,,,
CUST0161,Male,West,Smartwatch,Wearables,62,200,3,600,17.9,1/3/2023,Returned,,,,,,,,,,,,,
CUST0204,Male,South,Smartphone,Electronics,54,800,1,800,7.77,7/23/2023,Returned,,,,,,,,,,,,,
CUST0062,Male,West,Smartwatch,Wearables,43,200,2,400,13.02,10/8/2023,Delivered,,,,,,,,,,,,,
CUST0114,Male,South,Keyboard,Accessories,60,50,1,50,6.25,2/6/2023,In Transit,,,,,,,,,,,,,
CUST0102,Male,West,Monitor,Electronics,25,300,3,900,9.94,10/21/2023,Delivered,,,,,,,,,,,,,
CUST0140,Male,East,Smartphone,Electronics,50,800,1,800,10.36,5/25/2023,Returned,,,,,,,,,,,,,
CUST0142,Female,South,Smartphone,Electronics,32,800,1,800,8.45,4/28/2023,Returned,,,,,,,,,,,,,
CUST0016,Male,East,Smartphone,Electronics,61,800,2,1600,19.07,10/3/2023,Delivered,,,,,,,,,,,,,
CUST0023,Male,South,Keyboard,Accessories,49,50,5,250,10.03,11/1/2023,Returned,,,,,,,,,,,,,
CUST0008,Female,West,Mouse,Accessories,18,30,4,120,8.76,6/30/2023,In Transit,,,,,,,,,,,,,
CUST0268,Male,North,Monitor,Electronics,21,300,2,600,5.69,8/3/2023,Returned,,,,,,,,,,,,,
CUST0162,Male,East,Headphones,Accessories,69,100,1,100,6.43,5/26/2023,Returned,,,,,,,,,,,,,
CUST0121,Female,West,Smartwatch,Wearables,66,200,5,1000,19.19,9/19/2023,Returned,,,,,,,,,,,,,
CUST0047,Female,West,Smartwatch,Wearables,41,200,3,600,10.92,6/18/2023,Returned,,,,,,,,,,,,,
CUST0148,Male,East,Keyboard,Accessories,67,50,5,250,11.17,3/3/2023,In Transit,,,,,,,,,,,,,
CUST0251,Female,East,Smartphone,Electronics,42,800,3,2400,10.65,11/18/2023,In Transit,,,,,,,,,,,,,
CUST0028,Female,West,Monitor,Electronics,50,300,1,300,14.36,8/5/2023,Delivered,,,,,,,,,,,,,
CUST0174,Female,East,Headphones,Accessories,68,100,4,400,11.92,10/31/2023,In Transit,,,,,,,,,,,,,
CUST0296,Female,East,Smartphone,Electronics,50,800,5,4000,13.43,8/11/2023,Returned,,,,,,,,,,,,,
CUST0085,Male,Unknown,Smartphone,Electronics,49,800,1,800,16.2,11/25/2023,Returned,,,,,,,,,,,,,
CUST0281,Male,West,Laptop,Electronics,44,1500,5,7500,7.21,11/21/2023,Delivered,,,,,,,,,,,,,
CUST0010,Female,East,Headphones,Accessories,37,100,3,300,7.41,3/27/2023,Delivered,,,,,,,,,,,,,
CUST0186,Female,West,Laptop,Electronics,55,1500,1,1500,19.04,10/20/2023,In Transit,,,,,,,,,,,,,
CUST0281,Female,North,Laptop,Electronics,44,1500,2,3000,9.87,11/27/2023,Delivered,,,,,,,,,,,,,
CUST0031,Female,East,Smartphone,Electronics,67,800,5,4000,9.6,10/22/2023,In Transit,,,,,,,,,,,,,
CUST0270,Female,East,Headphones,Accessories,49,100,3,300,13.33,2/10/2023,Delivered,,,,,,,,,,,,,
CUST0039,Female,North,Smartphone,Electronics,60,800,2,1600,19.2,8/11/2023,In Transit,,,,,,,,,,,,,
CUST0063,Male,South,Keyboard,Accessories,20,50,1,50,17.61,8/13/2023,Returned,,,,,,,,,,,,,
CUST0097,Female,East,Smartwatch,Wearables,34,200,1,200,17.66,5/21/2023,Returned,,,,,,,,,,,,,
CUST0067,Female,North,Laptop,Electronics,19,1500,4,6000,14.45,11/8/2023,Delivered,,,,,,,,,,,,,
CUST0124,Female,East,Smartphone,Electronics,49,800,4,3200,19.17,6/17/2023,In Transit,,,,,,,,,,,,,
CUST0284,Female,South,Monitor,Electronics,64,300,3,900,19.12,6/17/2023,In Transit,,,,,,,,,,,,,
CUST0010,Male,West,Monitor,Electronics,37,300,1,300,9.72,3/30/2023,Returned,,,,,,,,,,,,,
CUST0276,Female,West,Monitor,Electronics,66,300,1,300,18.63,11/1/2023,Delivered,,,,,,,,,,,,,
CUST0256,Male,South,Smartphone,Electronics,69,800,3,2400,5.26,10/7/2023,Unknown,,,,,,,,,,,,,
CUST0221,Female,South,Mouse,Accessories,33,30,2,60,15.69,10/21/2023,Delivered,,,,,,,,,,,,,
CUST0062,Female,West,Monitor,Electronics,43,300,3,900,8.58,11/2/2023,Returned,,,,,,,,,,,,,
CUST0219,Female,South,Headphones,Accessories,48,207.3040408,1,100,9.55,1/23/2023,Delivered,,,,,,,,,,,,,
CUST0053,Male,Unknown,Keyboard,Accessories,25,50,3,150,11.95,10/18/2023,Returned,,,,,,,,,,,,,
CUST0144,Female,South,Smartphone,Electronics,54,800,4,3200,7.86,8/7/2023,Returned,,,,,,,,,,,,,
CUST0081,Male,South,Monitor,Electronics,38,300,5,1500,12.67,1/5/2023,In Transit,,,,,,,,,,,,,
CUST0044,Female,South,Monitor,Electronics,30,300,2,600,16.31,7/25/2023,Delivered,,,,,,,,,,,,,
CUST0055,Female,South,Smartwatch,Wearables,45,200,3,600,18.24,11/25/2023,Returned,,,,,,,,,,,,,
CUST0272,Male,North,Mouse,Accessories,52,30,3,90,11.88,5/18/2023,Returned,,,,,,,,,,,,,
CUST0126,Female,South,Mouse,Accessories,66,30,2,60,5.53,10/16/2023,In Transit,,,,,,,,,,,,,
CUST0167,Male,South,Smartwatch,Wearables,67,200,3,600,8.01,3/27/2023,Delivered,,,,,,,,,,,,,
CUST0043,Female,South,Mouse,Accessories,22,30,4,120,19.24,10/25/2023,In Transit,,,,,,,,,,,,,
CUST0201,Male,West,Monitor,Electronics,49,300,2,600,7,9/21/2023,In Transit,,,,,,,,,,,,,
CUST0237,Male,South,Smartwatch,Wearables,65,200,3,600,6.94,1/3/2024,In Transit,,,,,,,,,,,,,
CUST0028,Female,East,Laptop,Electronics,49,1500,1,1500,6.62,2/22/2023,Delivered,,,,,,,,,,,,,
CUST0150,Female,North,Monitor,Electronics,63,300,3,900,19.87,8/23/2023,Delivered,,,,,,,,,,,,,
CUST0247,Male,South,Keyboard,Accessories,44,50,2,100,10.09,8/1/2023,Delivered,,,,,,,,,,,,,
CUST0058,Female,East,Monitor,Electronics,42,300,2,600,6.22,8/6/2023,In Transit,,,,,,,,,,,,,
CUST0281,Male,West,Laptop,Electronics,49,1500,4,6000,7.66,1/1/2023,Returned,,,,,,,,,,,,,
CUST0041,Male,East,Smartphone,Electronics,64,800,4,3200,5.82,10/2/2023,Returned,,,,,,,,,,,,,
CUST0204,Male,East,Monitor,Electronics,54,300,4,1200,18.4,4/29/2023,Delivered,,,,,,,,,,,,,
CUST0095,Female,North,Smartwatch,Wearables,60,200,2,400,18.88,7/24/2023,Delivered,,,,,,,,,,,,,
CUST0272,Female,North,Smartwatch,Wearables,52,200,3,600,15.36,9/17/2023,In Transit,,,,,,,,,,,,,
CUST0069,Male,East,Monitor,Electronics,49,300,4,1200,16.88,9/26/2023,In Transit,,,,,,,,,,,,,
CUST0202,Male,South,Headphones,Accessories,56,100,4,400,19.94,6/7/2023,In Transit,,,,,,,,,,,,,
CUST0054,Female,North,Headphones,Accessories,64,100,1,100,10.32,3/12/2023,Delivered,,,,,,,,,,,,,
CUST0187,Female,East,Keyboard,Accessories,25,50,4,200,7.33,10/24/2023,Delivered,,,,,,,,,,,,,
CUST0065,Male,South,Smartphone,Electronics,41,800,5,4000,6.41,12/1/2023,In Transit,,,,,,,,,,,,,
CUST0019,Male,West,Smartwatch,Wearables,69,200,1,200,12.86,8/16/2023,In Transit,,,,,,,,,,,,,
CUST0054,Female,North,Keyboard,Accessories,64,50,1,50,13.13,2/13/2023,In Transit,,,,,,,,,,,,,
CUST0018,Female,Unknown,Mouse,Accessories,38,30,2,60,17.21,11/28/2023,In Transit,,,,,,,,,,,,,
CUST0059,Male,North,Laptop,Electronics,18,1500,2,3000,7.81,6/22/2023,Returned,,,,,,,,,,,,,
CUST0075,Female,South,Mouse,Accessories,56,30,5,150,5.44,6/23/2023,In Transit,,,,,,,,,,,,,
CUST0129,Female,East,Smartphone,Electronics,66,800,3,2400,19.63,7/28/2023,Delivered,,,,,,,,,,,,,
CUST0103,Male,North,Smartphone,Electronics,49,800,1,800,15.79,10/30/2023,In Transit,,,,,,,,,,,,,
CUST0176,Female,South,Laptop,Electronics,51,1500,3,4500,5.72,11/10/2023,In Transit,,,,,,,,,,,,,
CUST0299,Female,West,Smartwatch,Wearables,58,200,3,600,9.69,1/3/2024,Returned,,,,,,,,,,,,,
CUST0178,Female,South,Smartphone,Electronics,44,1658.432327,3,2400,19.31,6/3/2023,Delivered,,,,,,,,,,,,,
CUST0138,Female,East,Laptop,Electronics,46,1500,4,6000,16.31,6/29/2023,In Transit,,,,,,,,,,,,,
CUST0152,Male,East,Mouse,Accessories,69,30,1,30,10.99,10/6/2023,In Transit,,,,,,,,,,,,,
CUST0212,Female,West,Smartphone,Electronics,62,800,3,2400,16.12,8/1/2023,In Transit,,,,,,,,,,,,,
CUST0208,Female,South,Smartwatch,Wearables,57,200,2,400,8.71,5/18/2023,Unknown,,,,,,,,,,,,,
CUST0026,Male,East,Smartphone,Electronics,27,800,5,4000,12.26,5/2/2023,Returned,,,,,,,,,,,,,
CUST0224,Female,East,Smartphone,Electronics,57,800,1,800,19.34,11/20/2023,Delivered,,,,,,,,,,,,,
CUST0131,Female,West,Laptop,Electronics,67,1500,2,3000,18.81,8/10/2023,In Transit,,,,,,,,,,,,,
CUST0019,Male,North,Monitor,Electronics,69,300,1,300,14.91,4/5/2023,Delivered,,,,,,,,,,,,,
CUST0291,Female,North,Mouse,Accessories,49,30,1,30,5.6,4/19/2023,Delivered,,,,,,,,,,,,,
CUST0032,Male,West,Laptop,Electronics,63,1500,3,4500,19.69,12/30/2023,In Transit,,,,,,,,,,,,,
CUST0230,Male,South,Laptop,Electronics,49,1500,4,6000,15.12,11/10/2023,In Transit,,,,,,,,,,,,,
CUST0285,Female,North,Headphones,Accessories,58,100,1,100,5.25,1/14/2023,Delivered,,,,,,,,,,,,,
CUST0199,Male,North,Headphones,Accessories,41,100,1,100,18.38,7/5/2023,Returned,,,,,,,,,,,,,
CUST0045,Female,East,Monitor,Electronics,21,300,3,900,15.22,1/3/2024,In Transit,,,,,,,,,,,,,
CUST0063,Male,North,Monitor,Electronics,20,300,4,1200,15.57,11/6/2023,Delivered,,,,,,,,,,,,,
CUST0178,Male,East,Laptop,Electronics,44,1500,5,7500,8.03,1/20/2023,In Transit,,,,,,,,,,,,,
CUST0210,Female,North,Monitor,Electronics,30,300,5,1500,16.68,5/6/2023,Returned,,,,,,,,,,,,,
CUST0105,Female,North,Headphones,Accessories,27,100,2,200,12.44,10/21/2023,In Transit,,,,,,,,,,,,,
CUST0198,Male,South,Monitor,Electronics,49,300,3,900,6.39,12/30/2023,Returned,,,,,,,,,,,,,
CUST0241,Female,East,Keyboard,Accessories,27,50,1,50,11.72,7/10/2023,In Transit,,,,,,,,,,,,,
CUST0201,Female,West,Smartphone,Electronics,49,800,2,1600,6.85,1/3/2024,Delivered,,,,,,,,,,,,,
CUST0052,Male,South,Mouse,Accessories,66,30,4,120,14.27,2/5/2023,In Transit,,,,,,,,,,,,,
CUST0258,Female,North,Laptop,Electronics,39,1500,3,4500,15.91,2/3/2023,Returned,,,,,,,,,,,,,
CUST0123,Male,South,Laptop,Electronics,52,1500,5,7500,16.01,11/22/2023,In Transit,,,,,,,,,,,,,
CUST0285,Male,South,Smartphone,Electronics,49,800,3,2400,19.44,6/3/2023,In Transit,,,,,,,,,,,,,
CUST0279,Female,West,Mouse,Accessories,59,30,3,90,7.34,4/26/2023,Returned,,,,,,,,,,,,,
CUST0052,Female,East,Headphones,Accessories,66,100,3,300,13.21,3/13/2023,In Transit,,,,,,,,,,,,,
CUST0200,Female,West,Laptop,Electronics,49,1500,5,7500,11.03,1/11/2023,Returned,,,,,,,,,,,,,
CUST0103,Female,South,Keyboard,Accessories,23,50,5,250,14.12,4/10/2023,In Transit,,,,,,,,,,,,,
CUST0129,Female,North,Smartwatch,Wearables,66,200,5,1000,10.43,3/7/2023,Delivered,,,,,,,,,,,,,
CUST0012,Female,North,Laptop,Electronics,28,1500,1,1500,12.71,8/31/2023,Returned,,,,,,,,,,,,,
CUST0139,Male,East,Smartphone,Electronics,57,800,2,1600,12.55,1/2/2023,Unknown,,,,,,,,,,,,,
CUST0108,Male,South,Keyboard,Accessories,49,50,2,100,6.85,10/19/2023,Returned,,,,,,,,,,,,,
CUST0196,Male,West,Laptop,Electronics,37,1500,2,3000,17.23,1/10/2023,Returned,,,,,,,,,,,,,
CUST0007,Male,East,Headphones,Accessories,52,100,3,300,19.53,1/16/2023,In Transit,,,,,,,,,,,,,
CUST0118,Male,West,Smartwatch,Wearables,49,200,3,600,18.62,7/23/2023,Delivered,,,,,,,,,,,,,
CUST0227,Female,East,Mouse,Accessories,54,30,5,150,14.71,12/4/2023,In Transit,,,,,,,,,,,,,
CUST0219,Female,South,Keyboard,Accessories,48,50,2,100,12.46,4/9/2023,In Transit,,,,,,,,,,,,,
CUST0297,Male,East,Monitor,Electronics,61,300,2,600,12.26,4/25/2023,Returned,,,,,,,,,,,,,
CUST0098,Female,East,Headphones,Accessories,57,100,4,400,8.84,2/28/2023,In Transit,,,,,,,,,,,,,
CUST0284,Female,South,Smartwatch,Wearables,64,200,5,1000,13.46,5/9/2023,In Transit,,,,,,,,,,,,,
CUST0137,Female,West,Monitor,Electronics,19,300,5,1500,19.39,12/8/2023,Returned,,,,,,,,,,,,,
CUST0127,Male,North,Headphones,Accessories,62,100,2,200,5.13,11/1/2023,Delivered,,,,,,,,,,,,,
CUST0052,Male,East,Mouse,Accessories,66,30,2,60,6.23,6/11/2023,In Transit,,,,,,,,,,,,,
CUST0162,Female,South,Smartwatch,Wearables,69,200,4,800,12.26,10/9/2023,In Transit,,,,,,,,,,,,,
CUST0069,Female,East,Laptop,Electronics,66,1500,4,6000,16.92,9/23/2023,In Transit,,,,,,,,,,,,,
CUST0011,Female,West,Smartphone,Electronics,54,1658.432327,2,1600,15.8,4/6/2023,In Transit,,,,,,,,,,,,,
CUST0293,Male,South,Laptop,Electronics,32,1500,3,4500,8.53,11/17/2023,Returned,,,,,,,,,,,,,
CUST0078,Female,East,Monitor,Electronics,38,300,1,300,7.57,2/7/2023,Delivered,,,,,,,,,,,,,
CUST0290,Female,Unknown,Headphones,Accessories,37,100,3,300,5.29,9/30/2023,Returned,,,,,,,,,,,,,
CUST0130,Female,West,Smartwatch,Wearables,68,200,3,600,5.65,8/18/2023,In Transit,,,,,,,,,,,,,
CUST0186,Female,East,Smartwatch,Wearables,55,200,5,1000,18.29,1/10/2023,Delivered,,,,,,,,,,,,,
CUST0164,Male,South,Monitor,Electronics,50,300,3,900,11.22,3/16/2023,In Transit,,,,,,,,,,,,,
CUST0024,Female,Unknown,Monitor,Electronics,57,300,2,600,15.59,9/2/2023,Returned,,,,,,,,,,,,,
CUST0006,Female,East,Smartwatch,Wearables,49,200,3,600,13.94,4/7/2023,Delivered,,,,,,,,,,,,,
CUST0124,Female,North,Monitor,Electronics,53,300,1,300,16.32,8/16/2023,Delivered,,,,,,,,,,,,,
CUST0060,Female,West,Headphones,Accessories,41,100,5,500,18.06,3/15/2023,Delivered,,,,,,,,,,,,,
CUST0046,Female,North,Mouse,Accessories,22,30,1,30,8.96,3/3/2023,Returned,,,,,,,,,,,,,
CUST0280,Male,South,Smartwatch,Wearables,44,200,4,800,6.43,3/3/2023,Unknown,,,,,,,,,,,,,
CUST0012,Male,South,Headphones,Accessories,28,100,3,300,17.16,8/10/2023,Returned,,,,,,,,,,,,,
CUST0095,Male,East,Mouse,Accessories,60,30,3,90,18.42,1/25/2023,Delivered,,,,,,,,,,,,,
CUST0279,Female,Unknown,Mouse,Accessories,49,30,2,60,11.28,9/19/2023,Returned,,,,,,,,,,,,,
CUST0158,Female,Unknown,Monitor,Electronics,51,300,4,1200,6.91,9/13/2023,In Transit,,,,,,,,,,,,,
CUST0193,Male,South,Keyboard,Accessories,64,50,4,200,17.18,11/6/2023,In Transit,,,,,,,,,,,,,
CUST0270,Male,East,Keyboard,Accessories,64,50,1,50,18.23,5/24/2023,Delivered,,,,,,,,,,,,,
CUST0005,Female,East,Mouse,Accessories,56,30,2,60,7.58,2/15/2023,In Transit,,,,,,,,,,,,,
CUST0118,Female,West,Smartphone,Electronics,23,800,2,1600,9.07,10/19/2023,In Transit,,,,,,,,,,,,,
CUST0016,Female,North,Keyboard,Accessories,61,50,1,50,19.39,7/28/2023,Delivered,,,,,,,,,,,,,
CUST0168,Female,South,Keyboard,Accessories,42,50,2,100,12.44,2/21/2023,In Transit,,,,,,,,,,,,,
CUST0091,Male,North,Keyboard,Accessories,30,50,1,50,19.02,12/14/2023,Delivered,,,,,,,,,,,,,
CUST0066,Female,West,Headphones,Accessories,37,100,3,300,16.67,3/7/2023,Returned,,,,,,,,,,,,,
CUST0186,Female,East,Mouse,Accessories,55,30,1,30,5.24,5/25/2023,Returned,,,,,,,,,,,,,
CUST0130,Female,North,Monitor,Electronics,68,300,3,900,10.39,2/9/2023,Returned,,,,,,,,,,,,,
CUST0274,Female,West,Keyboard,Accessories,51,50,3,150,19.79,1/3/2024,Delivered,,,,,,,,,,,,,
CUST0095,Female,East,Monitor,Electronics,60,300,4,1200,7.26,8/20/2023,In Transit,,,,,,,,,,,,,
CUST0128,Female,East,Smartwatch,Wearables,52,200,5,1000,18.72,3/2/2023,Delivered,,,,,,,,,,,,,
CUST0036,Male,South,Keyboard,Accessories,49,50,3,150,9.99,5/7/2023,Unknown,,,,,,,,,,,,,
CUST0016,Female,East,Monitor,Electronics,61,300,1,300,6.63,1/14/2023,In Transit,,,,,,,,,,,,,
CUST0192,Male,South,Mouse,Accessories,58,30,1,30,11.39,5/15/2023,In Transit,,,,,,,,,,,,,
CUST0013,Female,East,Keyboard,Accessories,55,50,4,200,6.66,8/13/2023,Unknown,,,,,,,,,,,,,
CUST0059,Female,East,Keyboard,Accessories,18,50,4,200,7.76,8/20/2023,In Transit,,,,,,,,,,,,,
CUST0065,Female,South,Smartphone,Electronics,41,800,1,800,6.24,8/3/2023,Delivered,,,,,,,,,,,,,
CUST0025,Female,South,Headphones,Accessories,56,100,3,300,5.86,11/25/2023,In Transit,,,,,,,,,,,,,
CUST0160,Female,South,Laptop,Electronics,69,1500,2,3000,5.35,10/30/2023,Returned,,,,,,,,,,,,,
CUST0096,Female,North,Smartphone,Electronics,61,800,5,4000,13.72,3/9/2023,Unknown,,,,,,,,,,,,,
CUST0071,Male,East,Smartphone,Electronics,46,800,2,1600,13.1,1/7/2023,In Transit,,,,,,,,,,,,,
CUST0044,Male,East,Smartwatch,Wearables,30,200,2,400,13.54,8/8/2023,In Transit,,,,,,,,,,,,,
CUST0299,Female,East,Smartphone,Electronics,58,800,5,4000,5.65,12/16/2023,Delivered,,,,,,,,,,,,,
CUST0291,Female,South,Monitor,Electronics,49,300,3,900,17.93,5/29/2023,Delivered,,,,,,,,,,,,,
CUST0266,Female,North,Monitor,Electronics,29,300,4,1200,5.79,9/4/2023,In Transit,,,,,,,,,,,,,
CUST0184,Female,North,Smartphone,Electronics,54,800,1,800,13.72,8/30/2023,In Transit,,,,,,,,,,,,,
CUST0130,Male,West,Keyboard,Accessories,68,50,3,150,8.99,2/2/2023,Delivered,,,,,,,,,,,,,
CUST0052,Male,South,Monitor,Electronics,66,300,4,1200,17.59,9/12/2023,Returned,,,,,,,,,,,,,
CUST0240,Male,East,Keyboard,Accessories,39,50,4,200,13.51,12/21/2023,Delivered,,,,,,,,,,,,,
CUST0054,Male,South,Smartphone,Electronics,64,800,1,800,19.15,10/7/2023,Delivered,,,,,,,,,,,,,
CUST0038,Female,North,Keyboard,Accessories,57,50,2,100,16.78,11/16/2023,Unknown,,,,,,,,,,,,,
CUST0023,Male,East,Monitor,Electronics,49,300,5,1500,8.56,10/30/2023,In Transit,,,,,,,,,,,,,
CUST0183,Male,North,Mouse,Accessories,42,30,5,150,9.26,2/21/2023,Delivered,,,,,,,,,,,,,
CUST0012,Male,Unknown,Monitor,Electronics,28,300,5,1500,13.09,3/12/2023,Delivered,,,,,,,,,,,,,
CUST0136,Female,South,Mouse,Accessories,36,30,5,150,6.58,10/17/2023,In Transit,,,,,,,,,,,,,
CUST0052,Female,South,Mouse,Accessories,66,30,2,60,12.21,6/5/2023,Delivered,,,,,,,,,,,,,
CUST0141,Male,West,Monitor,Electronics,58,300,4,1200,6.4,3/3/2023,Delivered,,,,,,,,,,,,,
CUST0144,Male,South,Smartphone,Electronics,54,800,5,4000,19.43,7/12/2023,In Transit,,,,,,,,,,,,,
CUST0156,Female,North,Monitor,Electronics,57,300,1,300,15.49,2/5/2023,In Transit,,,,,,,,,,,,,
CUST0199,Male,West,Smartphone,Electronics,49,800,3,2400,6.95,9/22/2023,Returned,,,,,,,,,,,,,
CUST0197,Male,North,Laptop,Electronics,54,1500,4,6000,5.05,7/12/2023,Delivered,,,,,,,,,,,,,
CUST0196,Female,West,Laptop,Electronics,37,1500,1,1500,12.95,11/6/2023,Returned,,,,,,,,,,,,,
CUST0243,Female,West,Headphones,Accessories,58,100,5,500,19.98,8/13/2023,Returned,,,,,,,,,,,,,
CUST0182,Male,South,Smartphone,Electronics,19,800,4,3200,12.3,1/23/2023,Delivered,,,,,,,,,,,,,
CUST0296,Female,South,Monitor,Electronics,50,300,4,1200,7.42,10/7/2023,Delivered,,,,,,,,,,,,,
CUST0296,Female,West,Mouse,Accessories,50,30,1,30,15.21,11/15/2023,In Transit,,,,,,,,,,,,,
CUST0264,Female,West,Monitor,Electronics,59,300,3,900,19.8,12/26/2023,In Transit,,,,,,,,,,,,,
CUST0136,Female,West,Mouse,Accessories,49,30,5,150,13.14,11/11/2023,Returned,,,,,,,,,,,,,
CUST0010,Male,West,Headphones,Accessories,49,100,5,500,15.78,4/21/2023,Delivered,,,,,,,,,,,,,
CUST0131,Male,West,Keyboard,Accessories,67,50,5,250,5.81,5/18/2023,Delivered,,,,,,,,,,,,,
CUST0252,Male,West,Headphones,Accessories,55,100,5,500,7.98,5/16/2023,Returned,,,,,,,,,,,,,
CUST0294,Female,East,Mouse,Accessories,49,30,5,150,19.83,9/11/2023,In Transit,,,,,,,,,,,,,
CUST0253,Male,West,Smartphone,Electronics,51,800,5,4000,16.14,6/12/2023,Returned,,,,,,,,,,,,,
CUST0289,Female,North,Mouse,Accessories,37,30,4,120,9,1/3/2024,Returned,,,,,,,,,,,,,
CUST0126,Female,North,Smartphone,Electronics,66,800,1,800,16.42,9/26/2023,In Transit,,,,,,,,,,,,,
CUST0024,Female,South,Laptop,Electronics,57,1500,1,1500,9.69,11/22/2023,Delivered,,,,,,,,,,,,,
CUST0058,Male,East,Laptop,Electronics,49,1500,4,6000,16.49,7/10/2023,Delivered,,,,,,,,,,,,,
CUST0170,Male,West,Keyboard,Accessories,40,50,2,100,14,11/23/2023,Delivered,,,,,,,,,,,,,
CUST0064,Female,East,Laptop,Electronics,61,1500,3,4500,12.21,10/28/2023,Returned,,,,,,,,,,,,,
CUST0043,Male,North,Keyboard,Accessories,22,50,4,200,9.82,1/5/2023,Delivered,,,,,,,,,,,,,
CUST0103,Male,North,Smartwatch,Wearables,23,200,5,1000,14.5,11/15/2023,Delivered,,,,,,,,,,,,,
CUST0032,Male,North,Mouse,Accessories,63,30,4,120,14.68,3/11/2023,Returned,,,,,,,,,,,,,
CUST0182,Male,West,Mouse,Accessories,19,30,1,30,17.33,8/31/2023,Delivered,,,,,,,,,,,,,
CUST0076,Male,North,Headphones,Accessories,26,100,2,200,17.84,12/12/2023,Delivered,,,,,,,,,,,,,
CUST0215,Female,North,Monitor,Electronics,35,300,5,1500,19.58,1/22/2023,Delivered,,,,,,,,,,,,,
CUST0105,Male,South,Keyboard,Accessories,27,50,5,250,17.69,12/31/2023,In Transit,,,,,,,,,,,,,
CUST0295,Female,East,Smartphone,Electronics,26,800,5,4000,18.99,12/31/2023,In Transit,,,,,,,,,,,,,
CUST0002,Female,South,Keyboard,Accessories,23,50,5,250,17.96,8/18/2023,In Transit,,,,,,,,,,,,,
CUST0283,Female,East,Laptop,Electronics,67,1500,1,1500,11.14,6/25/2023,In Transit,,,,,,,,,,,,,
CUST0047,Female,West,Laptop,Electronics,41,1500,1,1500,14.86,10/21/2023,Returned,,,,,,,,,,,,,
CUST0153,Male,West,Mouse,Accessories,49,30,2,60,6.54,11/21/2023,Returned,,,,,,,,,,,,,
CUST0047,Male,East,Headphones,Accessories,41,207.3040408,2,200,9.15,4/23/2023,Returned,,,,,,,,,,,,,
CUST0269,Male,East,Monitor,Electronics,64,300,4,1200,13.49,9/9/2023,Returned,,,,,,,,,,,,,
CUST0022,Male,North,Laptop,Electronics,49,1500,2,3000,8.24,4/15/2023,Delivered,,,,,,,,,,,,,
CUST0106,Female,East,Smartphone,Electronics,50,800,3,2400,10.13,6/26/2023,Returned,,,,,,,,,,,,,
CUST0284,Male,South,Headphones,Accessories,64,100,2,200,10.57,6/3/2023,In Transit,,,,,,,,,,,,,
CUST0149,Male,South,Laptop,Electronics,40,1500,1,1500,14.19,5/20/2023,In Transit,,,,,,,,,,,,,
CUST0068,Male,East,Smartwatch,Wearables,64,200,3,600,5.7,4/7/2023,In Transit,,,,,,,,,,,,,
CUST0289,Female,East,Smartwatch,Wearables,37,200,5,1000,5.6,11/18/2023,Returned,,,,,,,,,,,,,
CUST0247,Male,South,Laptop,Electronics,44,1500,3,4500,18.21,5/1/2023,In Transit,,,,,,,,,,,,,
CUST0295,Male,West,Laptop,Electronics,26,1500,3,4500,12.84,5/27/2023,Unknown,,,,,,,,,,,,,
CUST0236,Male,West,Laptop,Electronics,18,1500,2,3000,18.07,1/23/2023,Returned,,,,,,,,,,,,,
CUST0148,Male,West,Keyboard,Accessories,49,50,4,200,14.29,10/8/2023,Delivered,,,,,,,,,,,,,
CUST0122,Male,North,Headphones,Accessories,68,100,4,400,11.52,11/29/2023,Returned,,,,,,,,,,,,,
CUST0246,Female,South,Monitor,Electronics,64,300,3,900,15.77,9/29/2023,Delivered,,,,,,,,,,,,,
CUST0282,Male,North,Laptop,Electronics,68,1500,4,6000,5.24,11/7/2023,Delivered,,,,,,,,,,,,,
CUST0204,Male,West,Headphones,Accessories,54,100,5,500,8.64,10/20/2023,Delivered,,,,,,,,,,,,,
CUST0053,Male,North,Laptop,Electronics,25,1500,4,6000,13.08,9/18/2023,In Transit,,,,,,,,,,,,,
CUST0036,Male,Unknown,Smartphone,Electronics,33,800,4,3200,13.29,7/23/2023,Returned,,,,,,,,,,,,,
CUST0085,Male,West,Smartphone,Electronics,18,800,5,4000,13.44,5/2/2023,Delivered,,,,,,,,,,,,,
CUST0071,Female,South,Headphones,Accessories,49,100,1,100,14.98,12/4/2023,Delivered,,,,,,,,,,,,,
CUST0248,Male,East,Monitor,Electronics,67,300,1,300,8.65,8/27/2023,Returned,,,,,,,,,,,,,
CUST0088,Female,West,Headphones,Accessories,66,100,5,500,14.84,6/8/2023,Delivered,,,,,,,,,,,,,
CUST0020,Female,North,Monitor,Electronics,55,300,1,300,7.38,10/26/2023,Delivered,,,,,,,,,,,,,
CUST0274,Female,East,Laptop,Electronics,51,1500,5,7500,12.33,1/7/2023,In Transit,,,,,,,,,,,,,
CUST0196,Male,East,Smartwatch,Wearables,37,200,5,1000,19.55,4/23/2023,Delivered,,,,,,,,,,,,,
CUST0022,Male,Unknown,Smartphone,Electronics,33,800,3,2400,5.22,9/12/2023,Returned,,,,,,,,,,,,,
CUST0211,Male,West,Keyboard,Accessories,49,50,1,50,14.62,1/28/2023,Returned,,,,,,,,,,,,,
CUST0152,Female,South,Smartwatch,Wearables,69,200,3,600,19.07,7/16/2023,Delivered,,,,,,,,,,,,,
CUST0042,Male,East,Smartwatch,Wearables,57,200,5,1000,15.99,1/4/2023,Returned,,,,,,,,,,,,,
CUST0235,Male,East,Headphones,Accessories,19,100,5,500,19.53,4/8/2023,In Transit,,,,,,,,,,,,,
CUST0206,Male,South,Laptop,Electronics,43,1500,5,7500,13.04,5/3/2023,In Transit,,,,,,,,,,,,,
CUST0103,Female,Unknown,Mouse,Accessories,23,30,2,60,18.45,7/15/2023,Returned,,,,,,,,,,,,,
CUST0179,Male,North,Smartphone,Electronics,45,800,4,3200,15.02,9/28/2023,Returned,,,,,,,,,,,,,
CUST0157,Female,East,Keyboard,Accessories,48,50,4,200,8.27,5/22/2023,In Transit,,,,,,,,,,,,,
CUST0272,Male,South,Mouse,Accessories,52,30,3,90,8.66,3/30/2023,In Transit,,,,,,,,,,,,,
CUST0071,Female,South,Headphones,Accessories,46,100,5,500,11.88,8/2/2023,Returned,,,,,,,,,,,,,
CUST0268,Male,North,Keyboard,Accessories,21,50,3,150,15.03,5/20/2023,In Transit,,,,,,,,,,,,,
CUST0017,Female,West,Keyboard,Accessories,36,50,5,250,12.63,12/17/2023,Delivered,,,,,,,,,,,,,
CUST0221,Male,West,Monitor,Electronics,33,300,3,900,7.25,11/1/2023,Returned,,,,,,,,,,,,,
CUST0207,Male,West,Headphones,Accessories,54,100,2,200,6.22,1/3/2024,Returned,,,,,,,,,,,,,
CUST0077,Male,East,Monitor,Electronics,50,300,3,900,14.75,1/8/2023,Delivered,,,,,,,,,,,,,
CUST0253,Female,East,Headphones,Accessories,51,100,4,400,17.18,9/25/2023,In Transit,,,,,,,,,,,,,
CUST0253,Female,East,Keyboard,Accessories,51,50,3,150,14.99,4/18/2023,In Transit,,,,,,,,,,,,,
CUST0225,Female,North,Smartwatch,Wearables,49,200,1,200,17.3,2/19/2023,Delivered,,,,,,,,,,,,,
CUST0091,Female,West,Headphones,Accessories,30,100,1,100,6.47,6/1/2023,Delivered,,,,,,,,,,,,,
CUST0142,Female,South,Keyboard,Accessories,32,50,5,250,10.39,6/28/2023,In Transit,,,,,,,,,,,,,
CUST0142,Female,South,Monitor,Electronics,32,300,1,300,9.57,4/24/2023,In Transit,,,,,,,,,,,,,
CUST0032,Male,North,Smartphone,Electronics,63,800,2,1600,6.57,12/8/2023,Delivered,,,,,,,,,,,,,
CUST0011,Male,West,Keyboard,Accessories,54,50,1,50,13.9,11/4/2023,Delivered,,,,,,,,,,,,,
CUST0204,Male,West,Laptop,Electronics,54,3109.560612,5,7500,19.71,4/18/2023,Returned,,,,,,,,,,,,,
CUST0068,Male,East,Smartwatch,Wearables,64,200,2,400,11.49,9/24/2023,Returned,,,,,,,,,,,,,
CUST0222,Female,East,Mouse,Accessories,61,30,2,60,13.74,11/13/2023,Delivered,,,,,,,,,,,,,
CUST0145,Male,East,Laptop,Electronics,51,1500,1,1500,15.23,10/10/2023,Returned,,,,,,,,,,,,,
CUST0083,Female,South,Laptop,Electronics,28,1500,1,1500,19.84,2/17/2023,Unknown,,,,,,,,,,,,,
CUST0158,Female,North,Headphones,Accessories,51,100,3,300,18.63,3/20/2023,Unknown,,,,,,,,,,,,,
CUST0063,Female,North,Laptop,Electronics,20,1500,5,7500,15.07,10/28/2023,In Transit,,,,,,,,,,,,,
CUST0249,Male,South,Monitor,Electronics,33,300,5,1500,15.98,1/16/2023,In Transit,,,,,,,,,,,,,
CUST0012,Male,West,Monitor,Electronics,28,300,2,600,14.13,2/11/2023,Delivered,,,,,,,,,,,,,
CUST0038,Male,East,Monitor,Electronics,57,300,2,600,17.67,12/18/2023,In Transit,,,,,,,,,,,,,
CUST0216,Female,West,Keyboard,Accessories,53,50,5,250,15.62,9/1/2023,Returned,,,,,,,,,,,,,
CUST0172,Female,South,Monitor,Electronics,56,300,5,1500,12.62,7/20/2023,Returned,,,,,,,,,,,,,
CUST0048,Male,North,Monitor,Electronics,34,300,2,600,11.88,9/23/2023,Returned,,,,,,,,,,,,,
CUST0260,Male,East,Monitor,Electronics,32,300,2,600,12.92,7/14/2023,Returned,,,,,,,,,,,,,
CUST0063,Male,North,Smartwatch,Wearables,20,200,4,800,15.78,6/14/2023,Delivered,,,,,,,,,,,,,
CUST0218,Male,Unknown,Laptop,Electronics,36,1500,4,6000,14,6/6/2023,Returned,,,,,,,,,,,,,
CUST0263,Male,North,Smartphone,Electronics,49,800,2,1600,7.17,1/9/2023,Unknown,,,,,,,,,,,,,
CUST0160,Male,South,Monitor,Electronics,69,300,2,600,18.79,7/29/2023,Delivered,,,,,,,,,,,,,
CUST0250,Female,North,Smartphone,Electronics,64,800,2,1600,17.54,8/5/2023,Returned,,,,,,,,,,,,,
CUST0038,Male,North,Keyboard,Accessories,57,50,3,150,18.44,2/21/2023,In Transit,,,,,,,,,,,,,
CUST0048,Male,North,Monitor,Electronics,34,300,2,600,12.94,5/5/2023,In Transit,,,,,,,,,,,,,
CUST0183,Female,West,Monitor,Electronics,42,300,3,900,14.11,1/16/2023,Returned,,,,,,,,,,,,,
CUST0240,Female,Unknown,Headphones,Accessories,39,100,1,100,7.09,6/26/2023,Delivered,,,,,,,,,,,,,
CUST0155,Male,North,Smartwatch,Wearables,41,200,1,200,18.84,4/20/2023,In Transit,,,,,,,,,,,,,
CUST0185,Male,North,Laptop,Electronics,29,1500,5,7500,13.95,10/30/2023,Delivered,,,,,,,,,,,,,
CUST0229,Female,North,Headphones,Accessories,49,100,4,400,11.95,9/4/2023,Delivered,,,,,,,,,,,,,
CUST0229,Male,North,Mouse,Accessories,45,30,3,90,10.06,2/18/2023,Delivered,,,,,,,,,,,,,
CUST0139,Male,North,Mouse,Accessories,57,30,5,150,19.16,1/7/2023,Returned,,,,,,,,,,,,,
CUST0009,Male,West,Headphones,Accessories,50,100,2,200,19.13,10/8/2023,Unknown,,,,,,,,,,,,,
CUST0095,Male,West,Keyboard,Accessories,60,50,5,250,13,12/19/2023,Returned,,,,,,,,,,,,,
CUST0001,Female,East,Keyboard,Accessories,38,50,3,150,6.14,4/10/2023,Returned,,,,,,,,,,,,,
CUST0200,Male,East,Laptop,Electronics,68,1500,3,4500,11.29,6/1/2023,Returned,,,,,,,,,,,,,
CUST0086,Male,West,Smartwatch,Wearables,26,200,5,1000,14.83,7/3/2023,Delivered,,,,,,,,,,,,,
CUST0193,Female,North,Monitor,Electronics,64,300,3,900,15.97,10/15/2023,Delivered,,,,,,,,,,,,,
CUST0193,Female,East,Headphones,Accessories,64,100,4,400,12.48,6/10/2023,In Transit,,,,,,,,,,,,,
CUST0044,Female,East,Monitor,Electronics,30,300,4,1200,10.86,9/3/2023,Delivered,,,,,,,,,,,,,
CUST0187,Male,East,Laptop,Electronics,25,1500,5,7500,16.95,3/4/2023,Delivered,,,,,,,,,,,,,
CUST0006,Female,East,Headphones,Accessories,52,100,2,200,18.95,1/24/2023,In Transit,,,,,,,,,,,,,
CUST0021,Male,North,Mouse,Accessories,43,30,4,120,10.77,9/24/2023,Unknown,,,,,,,,,,,,,
CUST0271,Female,South,Headphones,Accessories,46,100,2,200,19.54,6/20/2023,Returned,,,,,,,,,,,,,
CUST0160,Male,East,Laptop,Electronics,69,1500,4,6000,10,11/15/2023,Delivered,,,,,,,,,,,,,
CUST0095,Female,East,Laptop,Electronics,49,1500,5,7500,12.35,4/28/2023,In Transit,,,,,,,,,,,,,
CUST0025,Female,East,Monitor,Electronics,56,300,3,900,17.34,5/22/2023,Returned,,,,,,,,,,,,,
CUST0188,Male,West,Keyboard,Accessories,29,50,3,150,12.06,4/2/2023,Returned,,,,,,,,,,,,,
CUST0238,Female,West,Mouse,Accessories,49,30,2,60,14.07,11/15/2023,Unknown,,,,,,,,,,,,,
CUST0180,Male,North,Laptop,Electronics,49,1500,2,3000,16.82,10/5/2023,Unknown,,,,,,,,,,,,,
CUST0011,Female,North,Smartphone,Electronics,54,800,5,4000,19.49,8/22/2023,Returned,,,,,,,,,,,,,
CUST0264,Male,West,Keyboard,Accessories,59,50,2,100,15.51,7/16/2023,Returned,,,,,,,,,,,,,
CUST0156,Male,East,Smartwatch,Wearables,57,200,5,1000,9.77,1/27/2023,Returned,,,,,,,,,,,,,
CUST0044,Male,West,Headphones,Accessories,30,100,1,100,15.64,9/6/2023,Delivered,,,,,,,,,,,,,
CUST0202,Male,East,Smartphone,Electronics,56,800,5,4000,12.22,5/6/2023,Delivered,,,,,,,,,,,,,
CUST0171,Male,East,Headphones,Accessories,21,100,5,500,13.7,1/14/2023,In Transit,,,,,,,,,,,,,
CUST0109,Female,Unknown,Laptop,Electronics,57,1500,4,6000,12.77,4/28/2023,Delivered,,,,,,,,,,,,,
CUST0213,Female,North,Monitor,Electronics,45,300,4,1200,14.76,1/2/2023,Delivered,,,,,,,,,,,,,
CUST0261,Male,North,Mouse,Accessories,49,30,3,90,11.71,11/9/2023,Delivered,,,,,,,,,,,,,
CUST0030,Female,East,Smartphone,Electronics,44,800,5,4000,17.36,7/3/2023,Returned,,,,,,,,,,,,,
CUST0145,Male,North,Headphones,Accessories,51,100,4,400,10.89,1/14/2023,Delivered,,,,,,,,,,,,,
CUST0044,Male,Unknown,Smartphone,Electronics,30,800,1,800,14.23,2/23/2023,In Transit,,,,,,,,,,,,,
CUST0199,Male,North,Monitor,Electronics,41,300,1,300,9.5,6/11/2023,Delivered,,,,,,,,,,,,,
CUST0111,Female,West,Monitor,Electronics,19,300,3,900,13.79,5/16/2023,In Transit,,,,,,,,,,,,,
CUST0124,Male,South,Smartphone,Electronics,53,800,1,800,5.36,3/16/2023,Returned,,,,,,,,,,,,,
CUST0299,Male,West,Smartphone,Electronics,58,800,5,4000,19.93,1/3/2023,In Transit,,,,,,,,,,,,,
CUST0241,Female,Unknown,Keyboard,Accessories,27,50,2,100,19.92,6/2/2023,Delivered,,,,,,,,,,,,,
CUST0010,Male,South,Smartwatch,Wearables,37,200,2,400,14.16,6/6/2023,Delivered,,,,,,,,,,,,,
CUST0293,Female,East,Laptop,Electronics,32,1500,5,7500,7.52,10/28/2023,Returned,,,,,,,,,,,,,
CUST0225,Male,West,Monitor,Electronics,65,300,4,1200,10.09,1/31/2023,Returned,,,,,,,,,,,,,
CUST0197,Male,North,Laptop,Electronics,54,1500,4,6000,6.73,4/28/2023,In Transit,,,,,,,,,,,,,
CUST0035,Female,West,Mouse,Accessories,20,30,4,120,5.19,7/22/2023,Returned,,,,,,,,,,,,,
CUST0280,Male,Unknown,Keyboard,Accessories,44,50,1,50,12.3,6/12/2023,Delivered,,,,,,,,,,,,,
CUST0129,Male,South,Laptop,Electronics,66,1500,4,6000,13.08,3/20/2023,In Transit,,,,,,,,,,,,,
CUST0144,Female,Unknown,Laptop,Electronics,54,1500,4,6000,12,4/14/2023,Returned,,,,,,,,,,,,,
CUST0174,Male,North,Mouse,Accessories,68,30,2,60,9.28,5/4/2023,Delivered,,,,,,,,,,,,,
CUST0219,Female,South,Keyboard,Accessories,48,50,5,250,14.34,9/28/2023,Delivered,,,,,,,,,,,,,
CUST0198,Male,South,Monitor,Electronics,56,300,2,600,17.13,8/1/2023,In Transit,,,,,,,,,,,,,
CUST0139,Male,North,Monitor,Electronics,57,300,1,300,13.55,9/26/2023,Delivered,,,,,,,,,,,,,
CUST0149,Male,West,Mouse,Accessories,40,30,5,150,9.01,11/14/2023,Returned,,,,,,,,,,,,,
CUST0031,Male,North,Laptop,Electronics,67,1500,4,6000,13.3,11/1/2023,Delivered,,,,,,,,,,,,,
CUST0036,Female,South,Headphones,Accessories,33,100,5,500,8.27,6/30/2023,In Transit,,,,,,,,,,,,,
CUST0029,Female,West,Laptop,Electronics,66,1500,2,3000,9.26,10/10/2023,In Transit,,,,,,,,,,,,,
CUST0071,Male,West,Monitor,Electronics,46,300,3,900,18.83,9/19/2023,Returned,,,,,,,,,,,,,
CUST0108,Female,East,Monitor,Electronics,49,300,1,300,6.55,1/3/2024,Delivered,,,,,,,,,,,,,
CUST0251,Male,East,Laptop,Electronics,42,1500,2,3000,12.17,1/9/2023,Unknown,,,,,,,,,,,,,
CUST0142,Male,North,Laptop,Electronics,32,1500,1,1500,8.53,8/11/2023,In Transit,,,,,,,,,,,,,
CUST0025,Male,West,Monitor,Electronics,56,300,1,300,8.87,7/25/2023,Returned,,,,,,,,,,,,,
CUST0031,Female,South,Smartwatch,Wearables,67,200,1,200,5.45,9/30/2023,Returned,,,,,,,,,,,,,
CUST0159,Male,North,Headphones,Accessories,49,100,2,200,10.39,10/26/2023,Returned,,,,,,,,,,,,,
CUST0094,Male,South,Headphones,Accessories,30,100,4,400,13.94,12/22/2023,Delivered,,,,,,,,,,,,,
CUST0072,Male,East,Headphones,Accessories,21,100,4,400,12.96,9/13/2023,In Transit,,,,,,,,,,,,,
CUST0078,Female,South,Keyboard,Accessories,38,50,4,200,11,12/26/2023,Returned,,,,,,,,,,,,,
CUST0105,Male,West,Laptop,Electronics,27,1500,2,3000,13.22,9/6/2023,In Transit,,,,,,,,,,,,,
CUST0152,Male,North,Monitor,Electronics,69,300,5,1500,17.75,11/14/2023,In Transit,,,,,,,,,,,,,
CUST0160,Female,West,Smartphone,Electronics,69,800,3,2400,15.53,4/25/2023,In Transit,,,,,,,,,,,,,
CUST0248,Female,South,Laptop,Electronics,67,1500,1,1500,13.92,7/26/2023,Delivered,,,,,,,,,,,,,
CUST0133,Male,West,Smartwatch,Wearables,47,200,3,600,13.73,6/15/2023,Delivered,,,,,,,,,,,,,
CUST0260,Male,West,Monitor,Electronics,32,300,3,900,8.48,5/22/2023,Delivered,,,,,,,,,,,,,
CUST0051,Female,West,Laptop,Electronics,41,1500,3,4500,13.82,12/7/2023,Delivered,,,,,,,,,,,,,
CUST0177,Female,East,Mouse,Accessories,29,30,1,30,11.33,2/28/2023,In Transit,,,,,,,,,,,,,
CUST0004,Male,North,Monitor,Electronics,65,300,4,1200,11.14,1/3/2024,Unknown,,,,,,,,,,,,,
CUST0195,Female,East,Smartwatch,Wearables,48,200,5,1000,10.9,5/4/2023,In Transit,,,,,,,,,,,,,
CUST0122,Male,East,Laptop,Electronics,68,1500,1,1500,19.37,8/27/2023,Unknown,,,,,,,,,,,,,
CUST0058,Female,North,Mouse,Accessories,42,30,5,150,8.28,11/14/2023,Returned,,,,,,,,,,,,,
CUST0039,Male,Unknown,Laptop,Electronics,60,1500,1,1500,10.84,9/6/2023,In Transit,,,,,,,,,,,,,
CUST0066,Female,North,Smartphone,Electronics,37,800,1,800,12.78,1/3/2023,Returned,,,,,,,,,,,,,
CUST0204,Female,South,Laptop,Electronics,54,1500,4,6000,12.84,2/20/2023,Delivered,,,,,,,,,,,,,
CUST0208,Female,South,Monitor,Electronics,57,300,1,300,6.55,4/13/2023,Delivered,,,,,,,,,,,,,
CUST0196,Female,East,Keyboard,Accessories,37,50,4,200,12.81,1/5/2023,Delivered,,,,,,,,,,,,,
CUST0250,Female,North,Laptop,Electronics,64,1500,1,1500,18.19,5/22/2023,In Transit,,,,,,,,,,,,,
CUST0227,Male,South,Smartwatch,Wearables,54,200,3,600,16.36,8/10/2023,In Transit,,,,,,,,,,,,,
CUST0107,Male,West,Laptop,Electronics,67,1500,4,6000,14.85,6/11/2023,Delivered,,,,,,,,,,,,,
CUST0177,Female,East,Smartwatch,Wearables,29,200,4,800,17.93,2/25/2023,Delivered,,,,,,,,,,,,,
CUST0174,Female,South,Headphones,Accessories,68,100,2,200,11.73,6/5/2023,Unknown,,,,,,,,,,,,,
CUST0066,Male,West,Mouse,Accessories,37,30,3,90,13.86,10/17/2023,Delivered,,,,,,,,,,,,,
CUST0117,Male,North,Mouse,Accessories,22,30,5,150,18.22,1/25/2023,Returned,,,,,,,,,,,,,
CUST0008,Male,Unknown,Monitor,Electronics,18,300,2,600,8.33,1/10/2023,In Transit,,,,,,,,,,,,,
CUST0010,Female,West,Laptop,Electronics,49,1500,3,4500,6.86,12/27/2023,In Transit,,,,,,,,,,,,,
CUST0107,Male,South,Keyboard,Accessories,49,50,5,250,9.87,11/3/2023,Returned,,,,,,,,,,,,,
CUST0271,Male,West,Smartwatch,Wearables,49,200,2,400,8.05,4/10/2023,In Transit,,,,,,,,,,,,,
CUST0149,Male,North,Smartwatch,Wearables,40,200,4,800,11.68,12/27/2023,Delivered,,,,,,,,,,,,,
CUST0173,Male,South,Laptop,Electronics,65,1500,3,4500,13.18,12/22/2023,In Transit,,,,,,,,,,,,,
CUST0042,Female,East,Smartphone,Electronics,57,800,2,1600,9.01,11/8/2023,In Transit,,,,,,,,,,,,,
CUST0106,Female,South,Headphones,Accessories,50,100,3,300,17.63,12/7/2023,Delivered,,,,,,,,,,,,,
CUST0235,Male,West,Monitor,Electronics,19,300,1,300,7.48,3/6/2023,In Transit,,,,,,,,,,,,,
CUST0220,Male,South,Mouse,Accessories,49,30,1,30,6.7,5/7/2023,In Transit,,,,,,,,,,,,,
CUST0264,Female,South,Mouse,Accessories,49,30,5,150,14.88,12/7/2023,Delivered,,,,,,,,,,,,,
CUST0020,Female,South,Smartphone,Electronics,55,800,4,3200,8.31,9/13/2023,Returned,,,,,,,,,,,,,
CUST0139,Female,Unknown,Smartphone,Electronics,57,800,3,2400,19.61,12/31/2023,Returned,,,,,,,,,,,,,
CUST0022,Female,South,Keyboard,Accessories,33,50,2,100,16.28,4/20/2023,Returned,,,,,,,,,,,,,
CUST0101,Female,North,Monitor,Electronics,53,300,4,1200,10.58,3/31/2023,Unknown,,,,,,,,,,,,,
CUST0271,Male,East,Monitor,Electronics,46,300,4,1200,19.38,11/20/2023,In Transit,,,,,,,,,,,,,
CUST0197,Female,West,Mouse,Accessories,54,30,3,90,14.77,12/9/2023,In Transit,,,,,,,,,,,,,
CUST0135,Male,West,Smartwatch,Wearables,41,200,1,200,13.72,6/6/2023,In Transit,,,,,,,,,,,,,
CUST0174,Male,West,Mouse,Accessories,68,30,5,150,16.66,12/12/2023,In Transit,,,,,,,,,,,,,
CUST0139,Male,West,Laptop,Electronics,57,1500,5,7500,8.19,7/30/2023,In Transit,,,,,,,,,,,,,
CUST0058,Male,West,Headphones,Accessories,42,100,5,500,5.43,10/24/2023,Delivered,,,,,,,,,,,,,
CUST0152,Male,East,Smartwatch,Wearables,69,200,5,1000,7.71,10/25/2023,In Transit,,,,,,,,,,,,,
CUST0231,Male,South,Keyboard,Accessories,49,50,2,100,13.53,7/13/2023,In Transit,,,,,,,,,,,,,
CUST0288,Male,North,Keyboard,Accessories,49,50,3,150,6.88,5/28/2023,Returned,,,,,,,,,,,,,
CUST0296,Male,South,Monitor,Electronics,50,300,5,1500,8.08,1/3/2024,Returned,,,,,,,,,,,,,
CUST0155,Female,East,Monitor,Electronics,41,300,1,300,16.71,10/11/2023,Delivered,,,,,,,,,,,,,
CUST0128,Female,South,Monitor,Electronics,49,300,3,900,14.38,2/28/2023,Returned,,,,,,,,,,,,,
CUST0178,Male,North,Smartwatch,Wearables,44,200,3,600,11.82,4/18/2023,Delivered,,,,,,,,,,,,,
CUST0298,Male,South,Smartphone,Electronics,58,800,2,1600,12.94,11/11/2023,Returned,,,,,,,,,,,,,
CUST0064,Male,West,Laptop,Electronics,61,3109.560612,1,1500,18.37,9/1/2023,In Transit,,,,,,,,,,,,,
CUST0091,Female,West,Mouse,Accessories,30,30,3,90,11.78,8/14/2023,Returned,,,,,,,,,,,,,
CUST0113,Female,East,Laptop,Electronics,38,1500,3,4500,7.52,2/3/2023,Delivered,,,,,,,,,,,,,
CUST0087,Female,Unknown,Mouse,Accessories,49,30,2,60,17.46,2/5/2023,Delivered,,,,,,,,,,,,,
CUST0087,Male,South,Monitor,Electronics,49,300,3,900,17.94,1/20/2023,Unknown,,,,,,,,,,,,,
CUST0255,Male,West,Smartphone,Electronics,49,800,3,2400,10.5,2/18/2023,Delivered,,,,,,,,,,,,,
CUST0044,Female,South,Monitor,Electronics,30,300,1,300,14.91,7/29/2023,In Transit,,,,,,,,,,,,,
CUST0133,Female,East,Laptop,Electronics,47,1500,3,4500,15.5,7/25/2023,Delivered,,,,,,,,,,,,,
CUST0122,Male,East,Monitor,Electronics,68,300,3,900,16.44,12/16/2023,Delivered,,,,,,,,,,,,,
CUST0220,Male,West,Laptop,Electronics,67,1500,2,3000,13.04,3/30/2023,Returned,,,,,,,,,,,,,
CUST0182,Male,East,Headphones,Accessories,19,100,2,200,14.11,1/22/2023,Returned,,,,,,,,,,,,,
CUST0081,Male,North,Monitor,Electronics,38,300,2,600,5.79,1/19/2023,Returned,,,,,,,,,,,,,
CUST0224,Male,South,Smartwatch,Wearables,57,200,4,800,13.93,12/13/2023,Delivered,,,,,,,,,,,,,
CUST0070,Male,South,Smartphone,Electronics,23,800,1,800,6.7,7/6/2023,Unknown,,,,,,,,,,,,,
CUST0263,Female,West,Monitor,Electronics,40,300,1,300,11.65,7/22/2023,Delivered,,,,,,,,,,,,,
CUST0052,Female,North,Keyboard,Accessories,66,50,4,200,14.49,6/6/2023,Delivered,,,,,,,,,,,,,
CUST0253,Male,North,Monitor,Electronics,51,300,5,1500,14.23,8/3/2023,In Transit,,,,,,,,,,,,,
CUST0095,Male,North,Monitor,Electronics,60,300,2,600,15.88,1/12/2023,In Transit,,,,,,,,,,,,,
CUST0031,Male,East,Keyboard,Accessories,67,50,1,50,19.41,7/29/2023,In Transit,,,,,,,,,,,,,
CUST0128,Male,Unknown,Smartphone,Electronics,52,800,4,3200,15.79,8/20/2023,In Transit,,,,,,,,,,,,,
CUST0077,Male,West,Mouse,Accessories,50,30,4,120,17.84,3/9/2023,Returned,,,,,,,,,,,,,
CUST0073,Male,South,Smartwatch,Wearables,19,200,3,600,10.07,11/18/2023,In Transit,,,,,,,,,,,,,
CUST0173,Male,West,Mouse,Accessories,65,30,5,150,15.11,8/31/2023,Delivered,,,,,,,,,,,,,
CUST0218,Female,East,Monitor,Electronics,36,300,4,1200,11.23,8/17/2023,In Transit,,,,,,,,,,,,,
CUST0274,Male,South,Keyboard,Accessories,51,50,5,250,15.38,8/7/2023,Returned,,,,,,,,,,,,,
CUST0034,Female,East,Keyboard,Accessories,65,50,3,150,10.84,11/17/2023,Unknown,,,,,,,,,,,,,
CUST0285,Female,South,Monitor,Electronics,58,300,4,1200,13.4,3/31/2023,Delivered,,,,,,,,,,,,,
CUST0117,Female,South,Headphones,Accessories,22,100,3,300,7.7,7/20/2023,Delivered,,,,,,,,,,,,,
CUST0208,Male,North,Mouse,Accessories,57,30,4,120,15.44,6/12/2023,Delivered,,,,,,,,,,,,,
CUST0107,Female,South,Headphones,Accessories,67,100,5,500,8.74,6/8/2023,Returned,,,,,,,,,,,,,
CUST0145,Male,North,Headphones,Accessories,49,100,4,400,14.68,12/8/2023,In Transit,,,,,,,,,,,,,
CUST0232,Female,Unknown,Laptop,Electronics,44,1500,5,7500,18.3,11/7/2023,Returned,,,,,,,,,,,,,
CUST0039,Male,East,Smartwatch,Wearables,60,200,1,200,10.14,12/2/2023,Unknown,,,,,,,,,,,,,
CUST0195,Female,West,Keyboard,Accessories,48,50,3,150,6.42,10/31/2023,In Transit,,,,,,,,,,,,,
CUST0185,Female,South,Monitor,Electronics,29,300,5,1500,18.18,9/6/2023,In Transit,,,,,,,,,,,,,
CUST0281,Female,South,Keyboard,Accessories,49,50,3,150,5.62,3/5/2023,In Transit,,,,,,,,,,,,,
CUST0061,Female,South,Smartphone,Electronics,35,800,1,800,17.3,5/7/2023,In Transit,,,,,,,,,,,,,
CUST0232,Male,East,Mouse,Accessories,44,30,3,90,14.91,10/20/2023,In Transit,,,,,,,,,,,,,
CUST0013,Female,South,Smartwatch,Wearables,55,200,4,800,7.31,3/16/2023,Returned,,,,,,,,,,,,,
CUST0058,Female,West,Keyboard,Accessories,42,50,1,50,8.05,7/13/2023,Delivered,,,,,,,,,,,,,
CUST0159,Female,North,Laptop,Electronics,18,1500,1,1500,5.29,1/21/2023,Returned,,,,,,,,,,,,,
CUST0236,Male,West,Laptop,Electronics,18,1500,3,4500,19.41,8/19/2023,Delivered,,,,,,,,,,,,,
CUST0281,Female,North,Monitor,Electronics,44,300,2,600,19.97,9/30/2023,In Transit,,,,,,,,,,,,,
CUST0213,Female,South,Smartwatch,Wearables,49,200,5,1000,9.18,10/31/2023,In Transit,,,,,,,,,,,,,
CUST0286,Male,West,Keyboard,Accessories,63,50,2,100,6.28,3/21/2023,Returned,,,,,,,,,,,,,
CUST0136,Female,East,Keyboard,Accessories,36,50,4,200,9.3,7/9/2023,Returned,,,,,,,,,,,,,
CUST0228,Male,West,Keyboard,Accessories,25,50,1,50,18.71,12/7/2023,In Transit,,,,,,,,,,,,,
CUST0124,Female,North,Headphones,Accessories,49,100,5,500,14.28,6/2/2023,Returned,,,,,,,,,,,,,
CUST0201,Male,West,Smartphone,Electronics,49,800,1,800,12.3,5/30/2023,Delivered,,,,,,,,,,,,,
CUST0038,Male,Unknown,Smartphone,Electronics,57,800,2,1600,19.87,6/1/2023,Returned,,,,,,,,,,,,,
CUST0276,Female,South,Laptop,Electronics,66,1500,3,4500,14.73,12/1/2023,Delivered,,,,,,,,,,,,,
CUST0201,Female,North,Smartwatch,Wearables,49,200,3,600,9.26,10/23/2023,Delivered,,,,,,,,,,,,,
CUST0104,Female,East,Keyboard,Accessories,40,50,4,200,15.14,6/17/2023,Delivered,,,,,,,,,,,,,
CUST0101,Female,East,Smartwatch,Wearables,53,200,4,800,14.28,11/5/2023,Unknown,,,,,,,,,,,,,
CUST0138,Female,West,Laptop,Electronics,46,3109.560612,2,3000,6.44,12/8/2023,Delivered,,,,,,,,,,,,,
CUST0035,Female,South,Keyboard,Accessories,20,50,3,150,11.05,9/16/2023,Returned,,,,,,,,,,,,,
CUST0273,Female,South,Mouse,Accessories,55,30,3,90,11.24,9/9/2023,Returned,,,,,,,,,,,,,
CUST0228,Female,West,Smartphone,Electronics,25,800,1,800,7.25,3/9/2023,In Transit,,,,,,,,,,,,,
CUST0191,Female,Unknown,Laptop,Electronics,41,1500,4,6000,6.76,8/1/2023,Unknown,,,,,,,,,,,,,
CUST0087,Female,North,Headphones,Accessories,49,100,2,200,19.07,5/8/2023,Unknown,,,,,,,,,,,,,
CUST0070,Female,West,Laptop,Electronics,23,1500,5,7500,19.41,12/21/2023,Delivered,,,,,,,,,,,,,
CUST0088,Male,West,Monitor,Electronics,66,300,1,300,7.84,12/8/2023,In Transit,,,,,,,,,,,,,
CUST0287,Female,South,Smartphone,Electronics,60,800,4,3200,9.99,6/29/2023,Returned,,,,,,,,,,,,,
CUST0116,Male,South,Monitor,Electronics,20,300,2,600,9.77,9/24/2023,Returned,,,,,,,,,,,,,
CUST0037,Female,West,Smartphone,Electronics,51,800,3,2400,15.28,5/22/2023,In Transit,,,,,,,,,,,,,
CUST0215,Female,East,Mouse,Accessories,35,30,3,90,8.79,7/29/2023,Returned,,,,,,,,,,,,,
CUST0104,Male,West,Keyboard,Accessories,40,50,4,200,12.79,10/19/2023,Delivered,,,,,,,,,,,,,
CUST0197,Male,North,Smartphone,Electronics,54,800,5,4000,9.55,9/2/2023,Delivered,,,,,,,,,,,,,
CUST0298,Female,East,Mouse,Accessories,58,30,4,120,8.85,6/21/2023,Returned,,,,,,,,,,,,,
CUST0079,Male,South,Keyboard,Accessories,26,50,2,100,9.76,6/13/2023,In Transit,,,,,,,,,,,,,
CUST0021,Female,East,Smartwatch,Wearables,43,200,1,200,6.18,12/28/2023,In Transit,,,,,,,,,,,,,
CUST0162,Male,East,Laptop,Electronics,69,1500,3,4500,6.08,7/6/2023,Returned,,,,,,,,,,,,,
CUST0090,Male,West,Laptop,Electronics,61,1500,4,6000,9.46,6/13/2023,Delivered,,,,,,,,,,,,,
CUST0064,Female,West,Headphones,Accessories,61,100,1,100,6.6,3/20/2023,Returned,,,,,,,,,,,,,
CUST0148,Female,North,Mouse,Accessories,67,30,4,120,19.59,2/20/2023,In Transit,,,,,,,,,,,,,
CUST0081,Female,West,Monitor,Electronics,38,300,4,1200,12.55,8/27/2023,Delivered,,,,,,,,,,,,,
CUST0160,Male,North,Keyboard,Accessories,69,50,5,250,14.32,2/3/2023,Unknown,,,,,,,,,,,,,
CUST0080,Male,West,Smartphone,Electronics,51,800,5,4000,6.74,9/27/2023,Delivered,,,,,,,,,,,,,
CUST0091,Male,South,Headphones,Accessories,30,100,2,200,7.01,3/18/2023,In Transit,,,,,,,,,,,,,
CUST0112,Male,East,Laptop,Electronics,33,1500,2,3000,14.97,1/17/2023,Delivered,,,,,,,,,,,,,
CUST0030,Female,West,Headphones,Accessories,44,100,4,400,10.03,5/11/2023,In Transit,,,,,,,,,,,,,
CUST0276,Male,South,Keyboard,Accessories,66,50,2,100,8.51,3/10/2023,In Transit,,,,,,,,,,,,,
CUST0034,Female,West,Keyboard,Accessories,65,50,1,50,7.55,6/27/2023,Delivered,,,,,,,,,,,,,
CUST0271,Female,North,Mouse,Accessories,46,30,4,120,18.31,11/7/2023,In Transit,,,,,,,,,,,,,
CUST0034,Male,North,Laptop,Electronics,65,1500,5,7500,16.39,4/8/2023,Returned,,,,,,,,,,,,,
CUST0122,Male,North,Laptop,Electronics,68,1500,2,3000,18.77,10/27/2023,Returned,,,,,,,,,,,,,
CUST0223,Female,East,Laptop,Electronics,20,1500,5,7500,9.26,2/1/2023,Returned,,,,,,,,,,,,,
CUST0052,Male,North,Smartphone,Electronics,66,800,4,3200,15.69,5/27/2023,In Transit,,,,,,,,,,,,,
CUST0176,Male,South,Keyboard,Accessories,49,50,4,200,11.55,10/1/2023,Delivered,,,,,,,,,,,,,
CUST0276,Male,West,Smartphone,Electronics,66,800,3,2400,15.27,5/5/2023,In Transit,,,,,,,,,,,,,
CUST0185,Female,West,Keyboard,Accessories,29,50,4,200,6.75,12/22/2023,Delivered,,,,,,,,,,,,,
CUST0253,Female,East,Headphones,Accessories,51,100,2,200,5.79,6/13/2023,Delivered,,,,,,,,,,,,,
CUST0055,Male,East,Smartwatch,Wearables,45,200,4,800,10.62,1/11/2023,Returned,,,,,,,,,,,,,
CUST0229,Female,North,Monitor,Electronics,49,300,1,300,5.83,2/7/2023,Delivered,,,,,,,,,,,,,
CUST0149,Female,Unknown,Headphones,Accessories,40,100,2,200,9.42,7/14/2023,Returned,,,,,,,,,,,,,
CUST0028,Male,East,Mouse,Accessories,50,30,5,150,6.26,4/7/2023,Delivered,,,,,,,,,,,,,
CUST0011,Male,South,Headphones,Accessories,54,100,1,100,19.25,12/18/2023,Delivered,,,,,,,,,,,,,
CUST0259,Male,West,Mouse,Accessories,59,30,2,60,18.17,11/17/2023,In Transit,,,,,,,,,,,,,
CUST0296,Female,West,Monitor,Electronics,50,300,1,300,5.94,12/26/2023,Returned,,,,,,,,,,,,,
CUST0101,Male,East,Headphones,Accessories,53,100,3,300,15.61,12/4/2023,In Transit,,,,,,,,,,,,,
CUST0288,Male,West,Laptop,Electronics,55,1500,2,3000,9.06,6/8/2023,Delivered,,,,,,,,,,,,,
CUST0206,Female,Unknown,Keyboard,Accessories,43,50,4,200,16.25,8/14/2023,In Transit,,,,,,,,,,,,,
CUST0179,Male,North,Monitor,Electronics,45,300,4,1200,7.16,11/13/2023,In Transit,,,,,,,,,,,,,
CUST0293,Male,West,Monitor,Electronics,32,300,2,600,9.52,10/17/2023,In Transit,,,,,,,,,,,,,
CUST0120,Female,North,Headphones,Accessories,35,100,4,400,12.85,7/23/2023,Delivered,,,,,,,,,,,,,
CUST0112,Male,West,Smartphone,Electronics,33,800,5,4000,5.14,6/15/2023,Returned,,,,,,,,,,,,,
CUST0218,Female,East,Mouse,Accessories,36,30,5,150,6.78,7/18/2023,In Transit,,,,,,,,,,,,,
CUST0018,Female,South,Keyboard,Accessories,38,50,5,250,12.25,5/12/2023,In Transit,,,,,,,,,,,,,
CUST0193,Male,North,Laptop,Electronics,64,1500,4,6000,9.87,2/19/2023,Delivered,,,,,,,,,,,,,
CUST0088,Male,West,Laptop,Electronics,66,1500,4,6000,11.5,10/17/2023,In Transit,,,,,,,,,,,,,
CUST0116,Male,South,Mouse,Accessories,20,30,3,90,16.07,9/30/2023,Returned,,,,,,,,,,,,,
CUST0152,Female,West,Keyboard,Accessories,69,50,4,200,18.96,5/20/2023,Returned,,,,,,,,,,,,,
CUST0290,Female,East,Smartwatch,Wearables,37,200,4,800,5.98,4/27/2023,In Transit,,,,,,,,,,,,,
CUST0293,Male,South,Monitor,Electronics,32,300,2,600,14.24,3/27/2023,Delivered,,,,,,,,,,,,,
CUST0080,Male,South,Monitor,Electronics,51,300,5,1500,11.39,7/31/2023,Returned,,,,,,,,,,,,,
CUST0134,Female,North,Keyboard,Accessories,58,50,4,200,17.65,2/11/2023,In Transit,,,,,,,,,,,,,
CUST0010,Female,East,Smartphone,Electronics,37,800,5,4000,6.67,1/4/2023,In Transit,,,,,,,,,,,,,
CUST0252,Male,South,Smartwatch,Wearables,55,200,3,600,8.26,8/30/2023,Unknown,,,,,,,,,,,,,
CUST0211,Female,West,Monitor,Electronics,35,300,5,1500,18.94,3/6/2023,Returned,,,,,,,,,,,,,
CUST0095,Female,South,Monitor,Electronics,60,300,3,900,19.78,2/26/2023,In Transit,,,,,,,,,,,,,
CUST0226,Male,North,Smartphone,Electronics,43,800,4,3200,10.65,2/25/2023,Returned,,,,,,,,,,,,,
CUST0238,Female,North,Smartwatch,Wearables,26,200,4,800,14.25,1/3/2023,Delivered,,,,,,,,,,,,,
CUST0274,Male,West,Monitor,Electronics,51,300,4,1200,6.26,12/28/2023,Returned,,,,,,,,,,,,,
CUST0225,Male,South,Keyboard,Accessories,65,50,3,150,12.69,11/18/2023,Delivered,,,,,,,,,,,,,
CUST0233,Male,West,Smartwatch,Wearables,24,200,3,600,19.39,3/11/2023,In Transit,,,,,,,,,,,,,
CUST0208,Male,North,Headphones,Accessories,57,100,4,400,14.49,9/19/2023,In Transit,,,,,,,,,,,,,
CUST0006,Male,South,Smartwatch,Wearables,52,200,5,1000,13.13,5/15/2023,In Transit,,,,,,,,,,,,,
CUST0181,Male,North,Monitor,Electronics,59,300,4,1200,15.92,10/23/2023,In Transit,,,,,,,,,,,,,
CUST0126,Male,West,Smartwatch,Wearables,66,200,5,1000,12.06,3/7/2023,Returned,,,,,,,,,,,,,
CUST0118,Male,East,Keyboard,Accessories,23,50,1,50,16.34,1/16/2023,In Transit,,,,,,,,,,,,,
CUST0007,Female,North,Smartwatch,Wearables,52,200,3,600,15.85,4/10/2023,Delivered,,,,,,,,,,,,,
CUST0263,Female,South,Headphones,Accessories,49,100,3,300,19.01,9/13/2023,In Transit,,,,,,,,,,,,,
CUST0256,Male,East,Laptop,Electronics,49,1500,3,4500,9.83,9/26/2023,In Transit,,,,,,,,,,,,,
CUST0172,Female,East,Mouse,Accessories,56,30,4,120,5.17,11/23/2023,In Transit,,,,,,,,,,,,,
CUST0114,Male,South,Smartphone,Electronics,49,800,3,2400,15.04,8/12/2023,In Transit,,,,,,,,,,,,,
CUST0198,Male,West,Smartphone,Electronics,49,800,5,4000,18.49,12/13/2023,Delivered,,,,,,,,,,,,,
CUST0234,Female,South,Smartwatch,Wearables,44,200,1,200,7.67,7/8/2023,Returned,,,,,,,,,,,,,
CUST0182,Female,North,Keyboard,Accessories,19,50,3,150,5.76,7/25/2023,In Transit,,,,,,,,,,,,,
CUST0104,Male,Unknown,Smartwatch,Wearables,40,200,1,200,16.29,7/8/2023,In Transit,,,,,,,,,,,,,
CUST0232,Male,West,Headphones,Accessories,44,100,1,100,6.43,7/28/2023,Returned,,,,,,,,,,,,,
CUST0160,Male,West,Laptop,Electronics,69,1500,1,1500,7.32,9/19/2023,Returned,,,,,,,,,,,,,
CUST0105,Female,South,Smartwatch,Wearables,27,200,2,400,9.97,1/18/2023,Returned,,,,,,,,,,,,,
CUST0065,Female,West,Smartwatch,Wearables,41,200,5,1000,12.79,1/6/2023,In Transit,,,,,,,,,,,,,
CUST0220,Female,North,Mouse,Accessories,49,30,4,120,17.23,7/9/2023,Returned,,,,,,,,,,,,,
CUST0150,Male,West,Mouse,Accessories,63,62.19121225,5,150,10.81,7/1/2023,Delivered,,,,,,,,,,,,,
CUST0300,Male,East,Smartwatch,Wearables,66,200,4,800,16.99,10/15/2023,Returned,,,,,,,,,,,,,
CUST0066,Female,North,Monitor,Electronics,37,300,3,900,17.15,1/3/2024,In Transit,,,,,,,,,,,,,
CUST0255,Male,South,Laptop,Electronics,39,1500,2,3000,11.24,11/16/2023,Returned,,,,,,,,,,,,,
CUST0154,Female,North,Monitor,Electronics,31,300,2,600,5.84,8/19/2023,In Transit,,,,,,,,,,,,,
CUST0112,Female,West,Smartphone,Electronics,33,800,2,1600,7.61,12/8/2023,Returned,,,,,,,,,,,,,
CUST0130,Male,East,Headphones,Accessories,68,100,4,400,14.97,12/9/2023,Returned,,,,,,,,,,,,,
CUST0061,Female,South,Monitor,Electronics,35,300,1,300,15.16,10/25/2023,Returned,,,,,,,,,,,,,
CUST0046,Male,East,Laptop,Electronics,22,1500,2,3000,15.58,12/16/2023,Delivered,,,,,,,,,,,,,
CUST0200,Female,North,Laptop,Electronics,68,1500,1,1500,5.57,8/6/2023,Delivered,,,,,,,,,,,,,
CUST0001,Male,East,Laptop,Electronics,38,1500,4,6000,11.28,4/26/2023,Returned,,,,,,,,,,,,,
CUST0101,Female,West,Smartphone,Electronics,53,800,4,3200,14.35,6/27/2023,Delivered,,,,,,,,,,,,,
CUST0113,Female,West,Keyboard,Accessories,38,50,4,200,19.17,1/26/2023,Returned,,,,,,,,,,,,,
CUST0076,Male,South,Mouse,Accessories,26,30,1,30,10.22,10/26/2023,Delivered,,,,,,,,,,,,,
CUST0120,Male,North,Keyboard,Accessories,35,50,3,150,12.89,1/30/2023,In Transit,,,,,,,,,,,,,
CUST0265,Female,North,Keyboard,Accessories,38,50,4,200,7.52,5/29/2023,In Transit,,,,,,,,,,,,,
CUST0214,Female,South,Monitor,Electronics,45,300,2,600,9.09,10/2/2023,In Transit,,,,,,,,,,,,,
CUST0058,Male,North,Monitor,Electronics,42,300,4,1200,5.56,6/6/2023,In Transit,,,,,,,,,,,,,
CUST0288,Male,North,Smartwatch,Wearables,49,200,2,400,19.66,1/31/2023,Returned,,,,,,,,,,,,,
CUST0210,Male,South,Monitor,Electronics,30,300,1,300,11.26,12/31/2023,Returned,,,,,,,,,,,,,
CUST0116,Male,South,Mouse,Accessories,20,30,1,30,5.41,1/5/2023,In Transit,,,,,,,,,,,,,
CUST0059,Female,South,Laptop,Electronics,18,1500,2,3000,10.13,6/10/2023,Delivered,,,,,,,,,,,,,
CUST0239,Female,South,Smartphone,Electronics,35,800,4,3200,7.74,5/26/2023,Delivered,,,,,,,,,,,,,
CUST0099,Male,West,Smartwatch,Wearables,49,200,1,200,8.28,10/6/2023,In Transit,,,,,,,,,,,,,
CUST0018,Female,South,Monitor,Electronics,38,300,2,600,17.38,4/16/2023,Delivered,,,,,,,,,,,,,
CUST0028,Male,West,Keyboard,Accessories,50,50,4,200,11.39,1/17/2023,Delivered,,,,,,,,,,,,,
CUST0159,Male,South,Laptop,Electronics,18,1500,3,4500,18.83,3/22/2023,In Transit,,,,,,,,,,,,,
CUST0053,Female,South,Smartwatch,Wearables,25,200,1,200,6.96,11/20/2023,Returned,,,,,,,,,,,,,
CUST0015,Male,North,Laptop,Electronics,58,1500,5,7500,6.21,7/21/2023,Unknown,,,,,,,,,,,,,
CUST0045,Male,East,Headphones,Accessories,21,100,4,400,18.3,7/26/2023,Delivered,,,,,,,,,,,,,
CUST0156,Male,West,Laptop,Electronics,57,1500,5,7500,7.57,5/18/2023,Returned,,,,,,,,,,,,,
CUST0238,Male,East,Monitor,Electronics,26,621.9121225,2,600,7.02,1/3/2024,In Transit,,,,,,,,,,,,,
CUST0116,Male,West,Monitor,Electronics,20,300,2,600,11.06,8/12/2023,Unknown,,,,,,,,,,,,,
CUST0239,Female,East,Mouse,Accessories,35,30,5,150,13.08,8/16/2023,Delivered,,,,,,,,,,,,,
CUST0268,Female,South,Mouse,Accessories,21,30,3,90,10.49,8/11/2023,Delivered,,,,,,,,,,,,,
CUST0086,Male,West,Monitor,Electronics,26,300,2,600,12.94,1/2/2023,Unknown,,,,,,,,,,,,,
CUST0087,Female,North,Laptop,Electronics,49,1500,2,3000,11.24,7/28/2023,In Transit,,,,,,,,,,,,,
CUST0077,Female,North,Monitor,Electronics,49,621.9121225,3,900,14.86,4/27/2023,In Transit,,,,,,,,,,,,,
CUST0122,Male,East,Keyboard,Accessories,68,50,2,100,11.09,8/16/2023,Unknown,,,,,,,,,,,,,
CUST0242,Male,South,Smartwatch,Wearables,58,200,5,1000,10.84,10/22/2023,In Transit,,,,,,,,,,,,,
CUST0079,Female,North,Laptop,Electronics,26,1500,4,6000,5.57,8/24/2023,In Transit,,,,,,,,,,,,,
CUST0216,Male,East,Mouse,Accessories,53,30,2,60,8.58,10/27/2023,Returned,,,,,,,,,,,,,
CUST0016,Female,West,Keyboard,Accessories,49,50,3,150,10.05,11/26/2023,In Transit,,,,,,,,,,,,,
CUST0196,Male,South,Smartwatch,Wearables,37,200,2,400,18.38,2/17/2023,Delivered,,,,,,,,,,,,,
CUST0148,Male,South,Monitor,Electronics,67,300,3,900,19.76,11/9/2023,Delivered,,,,,,,,,,,,,
CUST0295,Female,West,Mouse,Accessories,26,30,1,30,13.87,6/10/2023,In Transit,,,,,,,,,,,,,
CUST0048,Male,East,Smartwatch,Wearables,34,200,3,600,16.93,4/13/2023,In Transit,,,,,,,,,,,,,
CUST0115,Female,South,Mouse,Accessories,53,30,3,90,6.18,4/25/2023,Delivered,,,,,,,,,,,,,
CUST0264,Female,East,Smartphone,Electronics,49,800,4,3200,17.44,3/3/2023,Delivered,,,,,,,,,,,,,
CUST0216,Male,South,Monitor,Electronics,53,300,3,900,12.14,3/14/2023,Returned,,,,,,,,,,,,,
CUST0029,Male,South,Monitor,Electronics,66,300,1,300,17.09,4/3/2023,In Transit,,,,,,,,,,,,,
CUST0180,Male,South,Keyboard,Accessories,68,50,1,50,11.23,4/2/2023,Delivered,,,,,,,,,,,,,
CUST0184,Female,East,Smartphone,Electronics,54,800,5,4000,5.41,7/8/2023,Returned,,,,,,,,,,,,,
CUST0290,Male,Unknown,Headphones,Accessories,37,100,5,500,6.55,4/20/2023,Returned,,,,,,,,,,,,,
CUST0228,Female,East,Smartwatch,Wearables,25,200,2,400,6.46,10/19/2023,In Transit,,,,,,,,,,,,,
CUST0243,Male,West,Monitor,Electronics,58,300,4,1200,14.16,5/14/2023,Unknown,,,,,,,,,,,,,
CUST0242,Female,North,Smartwatch,Wearables,58,200,3,600,14.74,9/29/2023,Returned,,,,,,,,,,,,,
CUST0142,Male,South,Laptop,Electronics,32,1500,1,1500,6.92,12/26/2023,In Transit,,,,,,,,,,,,,
CUST0131,Male,East,Mouse,Accessories,67,30,1,30,13.84,6/8/2023,Delivered,,,,,,,,,,,,,
CUST0126,Male,North,Keyboard,Accessories,66,50,4,200,10.69,6/3/2023,Delivered,,,,,,,,,,,,,
CUST0265,Male,West,Headphones,Accessories,38,100,3,300,8.2,11/30/2023,Returned,,,,,,,,,,,,,
CUST0003,Male,North,Mouse,Accessories,63,30,3,90,9.04,2/14/2023,Delivered,,,,,,,,,,,,,
CUST0212,Male,West,Keyboard,Accessories,62,50,2,100,8.68,7/2/2023,In Transit,,,,,,,,,,,,,
CUST0106,Female,West,Smartphone,Electronics,50,800,1,800,7.34,6/13/2023,In Transit,,,,,,,,,,,,,
CUST0118,Male,West,Monitor,Electronics,23,300,4,1200,11.76,3/28/2023,Returned,,,,,,,,,,,,,
CUST0126,Male,East,Headphones,Accessories,66,100,5,500,5.4,12/24/2023,Returned,,,,,,,,,,,,,
CUST0292,Male,South,Mouse,Accessories,21,30,4,120,13.68,5/24/2023,Delivered,,,,,,,,,,,,,
CUST0291,Female,South,Monitor,Electronics,49,300,3,900,15.81,5/21/2023,In Transit,,,,,,,,,,,,,
CUST0085,Female,North,Keyboard,Accessories,18,50,5,250,16,1/5/2023,Delivered,,,,,,,,,,,,,
CUST0166,Female,West,Mouse,Accessories,29,30,4,120,11.36,11/19/2023,Returned,,,,,,,,,,,,,
CUST0040,Female,East,Keyboard,Accessories,49,50,5,250,10.46,8/2/2023,Returned,,,,,,,,,,,,,
CUST0295,Male,North,Monitor,Electronics,49,300,1,300,9.06,6/16/2023,Returned,,,,,,,,,,,,,
CUST0059,Female,South,Mouse,Accessories,18,30,3,90,8.3,2/6/2023,Unknown,,,,,,,,,,,,,
CUST0281,Female,East,Headphones,Accessories,44,100,3,300,13.94,9/28/2023,In Transit,,,,,,,,,,,,,
CUST0019,Male,South,Smartphone,Electronics,69,800,4,3200,19.42,11/7/2023,Delivered,,,,,,,,,,,,,
CUST0004,Male,North,Keyboard,Accessories,65,50,5,250,5.92,4/4/2023,Returned,,,,,,,,,,,,,
CUST0279,Female,West,Smartphone,Electronics,59,800,5,4000,15.22,11/24/2023,Delivered,,,,,,,,,,,,,
CUST0069,Female,East,Headphones,Accessories,66,100,2,200,8.65,9/19/2023,In Transit,,,,,,,,,,,,,
CUST0004,Male,North,Monitor,Electronics,65,300,3,900,9.31,2/14/2023,In Transit,,,,,,,,,,,,,
CUST0060,Male,South,Keyboard,Accessories,41,50,3,150,5.55,3/13/2023,Delivered,,,,,,,,,,,,,
CUST0154,Male,North,Mouse,Accessories,31,30,1,30,9.26,8/24/2023,Returned,,,,,,,,,,,,,
CUST0259,Male,East,Monitor,Electronics,59,300,3,900,19.36,5/1/2023,Delivered,,,,,,,,,,,,,
CUST0203,Female,East,Laptop,Electronics,49,1500,5,7500,16.44,9/23/2023,In Transit,,,,,,,,,,,,,
CUST0241,Female,West,Smartphone,Electronics,27,800,4,3200,13.94,2/3/2023,In Transit,,,,,,,,,,,,,
CUST0004,Female,West,Smartphone,Electronics,65,800,5,4000,15.8,12/29/2023,Returned,,,,,,,,,,,,,
CUST0031,Male,West,Smartphone,Electronics,67,800,3,2400,7.05,12/14/2023,In Transit,,,,,,,,,,,,,
CUST0144,Male,West,Mouse,Accessories,54,30,4,120,14.5,2/13/2023,Delivered,,,,,,,,,,,,,
CUST0031,Female,East,Mouse,Accessories,67,30,2,60,12.54,3/26/2023,Unknown,,,,,,,,,,,,,
CUST0218,Male,East,Smartphone,Electronics,36,800,2,1600,16.62,8/3/2023,In Transit,,,,,,,,,,,,,
CUST0234,Male,South,Laptop,Electronics,44,1500,5,7500,18.67,9/12/2023,Returned,,,,,,,,,,,,,
CUST0050,Female,West,Laptop,Electronics,40,1500,1,1500,13.51,7/21/2023,Delivered,,,,,,,,,,,,,
CUST0140,Male,South,Mouse,Accessories,50,30,3,90,12.43,1/5/2023,Delivered,,,,,,,,,,,,,
CUST0044,Male,South,Smartwatch,Wearables,30,200,4,800,13.9,6/28/2023,Returned,,,,,,,,,,,,,
CUST0202,Male,South,Smartwatch,Wearables,56,200,3,600,19.03,1/3/2024,In Transit,,,,,,,,,,,,,
CUST0093,Female,North,Monitor,Electronics,66,300,5,1500,18.92,5/3/2023,Delivered,,,,,,,,,,,,,
CUST0258,Female,West,Monitor,Electronics,39,300,1,300,9.04,7/23/2023,Delivered,,,,,,,,,,,,,
CUST0133,Female,East,Smartwatch,Wearables,47,200,1,200,12.27,12/13/2023,In Transit,,,,,,,,,,,,,
CUST0271,Male,South,Keyboard,Accessories,46,50,5,250,19.63,5/22/2023,In Transit,,,,,,,,,,,,,
CUST0121,Female,North,Keyboard,Accessories,66,50,3,150,10.21,12/12/2023,Returned,,,,,,,,,,,,,
CUST0028,Male,East,Monitor,Electronics,50,300,4,1200,14.64,1/28/2023,In Transit,,,,,,,,,,,,,
CUST0125,Male,East,Smartwatch,Wearables,49,200,3,600,6.36,11/28/2023,Returned,,,,,,,,,,,,,
CUST0137,Female,East,Monitor,Electronics,19,300,3,900,9.79,12/2/2023,Delivered,,,,,,,,,,,,,
CUST0240,Male,West,Keyboard,Accessories,39,50,1,50,6.14,5/29/2023,Delivered,,,,,,,,,,,,,
CUST0268,Male,East,Monitor,Electronics,21,300,4,1200,10.03,5/16/2023,In Transit,,,,,,,,,,,,,
CUST0066,Female,South,Headphones,Accessories,37,100,3,300,9.91,8/1/2023,In Transit,,,,,,,,,,,,,
CUST0068,Male,South,Mouse,Accessories,64,30,1,30,19.22,7/31/2023,In Transit,,,,,,,,,,,,,
CUST0221,Male,North,Keyboard,Accessories,49,50,3,150,10.81,7/11/2023,In Transit,,,,,,,,,,,,,
CUST0266,Male,North,Laptop,Electronics,29,1500,2,3000,16.23,1/26/2023,Delivered,,,,,,,,,,,,,
CUST0129,Male,South,Smartphone,Electronics,49,800,5,4000,15.97,11/14/2023,Delivered,,,,,,,,,,,,,
CUST0113,Male,South,Monitor,Electronics,38,300,5,1500,19.39,2/26/2023,Returned,,,,,,,,,,,,,
CUST0240,Male,West,Smartphone,Electronics,39,800,3,2400,9.92,7/26/2023,In Transit,,,,,,,,,,,,,
CUST0003,Male,South,Smartwatch,Wearables,63,200,4,800,10.23,6/7/2023,In Transit,,,,,,,,,,,,,
CUST0272,Female,South,Smartphone,Electronics,52,800,1,800,10.65,5/29/2023,Delivered,,,,,,,,,,,,,
CUST0276,Male,South,Monitor,Electronics,66,300,5,1500,8.06,6/11/2023,Delivered,,,,,,,,,,,,,
CUST0209,Male,North,Keyboard,Accessories,63,50,5,250,5.88,2/12/2023,Delivered,,,,,,,,,,,,,
CUST0014,Male,South,Monitor,Electronics,20,300,1,300,7.32,12/18/2023,Returned,,,,,,,,,,,,,
CUST0186,Male,South,Smartphone,Electronics,55,800,1,800,18.74,7/17/2023,Returned,,,,,,,,,,,,,
CUST0198,Male,East,Laptop,Electronics,56,1500,2,3000,19.05,5/20/2023,Returned,,,,,,,,,,,,,
CUST0043,Male,North,Keyboard,Accessories,22,50,4,200,11.99,1/4/2023,Delivered,,,,,,,,,,,,,
CUST0071,Male,East,Monitor,Electronics,46,300,1,300,6.17,12/10/2023,In Transit,,,,,,,,,,,,,
CUST0131,Female,East,Smartphone,Electronics,67,800,3,2400,7.3,11/17/2023,In Transit,,,,,,,,,,,,,
CUST0131,Female,North,Laptop,Electronics,67,3109.560612,4,6000,18.27,8/26/2023,Unknown,,,,,,,,,,,,,
CUST0232,Female,Unknown,Laptop,Electronics,44,1500,1,1500,12.37,2/10/2023,In Transit,,,,,,,,,,,,,
CUST0109,Male,South,Smartwatch,Wearables,57,200,3,600,5.88,1/10/2023,Delivered,,,,,,,,,,,,,
CUST0189,Male,North,Keyboard,Accessories,38,50,5,250,12.92,7/19/2023,Returned,,,,,,,,,,,,,
CUST0299,Female,South,Mouse,Accessories,58,30,2,60,9.71,3/27/2023,Returned,,,,,,,,,,,,,
CUST0270,Male,Unknown,Smartwatch,Wearables,64,200,5,1000,19,8/20/2023,Returned,,,,,,,,,,,,,
CUST0031,Male,West,Mouse,Accessories,67,30,3,90,7.63,7/22/2023,Delivered,,,,,,,,,,,,,
CUST0240,Male,West,Mouse,Accessories,39,30,5,150,5.6,10/10/2023,Returned,,,,,,,,,,,,,
CUST0176,Male,West,Keyboard,Accessories,51,50,4,200,19.42,5/30/2023,In Transit,,,,,,,,,,,,,
CUST0252,Female,East,Smartwatch,Wearables,55,200,5,1000,13.29,10/16/2023,Delivered,,,,,,,,,,,,,
CUST0225,Female,East,Mouse,Accessories,49,30,3,90,15.46,5/4/2023,In Transit,,,,,,,,,,,,,
CUST0238,Male,West,Mouse,Accessories,26,30,2,60,16.34,11/2/2023,Returned,,,,,,,,,,,,,
CUST0276,Female,North,Headphones,Accessories,66,100,4,400,7.41,1/9/2023,Delivered,,,,,,,,,,,,,
CUST0255,Female,West,Monitor,Electronics,39,300,1,300,13.28,2/20/2023,Delivered,,,,,,,,,,,,,
CUST0133,Male,East,Smartphone,Electronics,47,800,4,3200,8.88,7/31/2023,In Transit,,,,,,,,,,,,,
CUST0097,Male,East,Smartwatch,Wearables,34,200,3,600,5.87,6/25/2023,Returned,,,,,,,,,,,,,
CUST0239,Male,Unknown,Headphones,Accessories,35,100,4,400,11.97,3/15/2023,In Transit,,,,,,,,,,,,,
CUST0226,Male,West,Headphones,Accessories,43,100,2,200,15.85,10/8/2023,Returned,,,,,,,,,,,,,
CUST0068,Female,North,Keyboard,Accessories,64,50,5,250,13.3,7/2/2023,Returned,,,,,,,,,,,,,
CUST0149,Female,East,Monitor,Electronics,40,300,4,1200,17.21,7/30/2023,In Transit,,,,,,,,,,,,,
CUST0257,Female,Unknown,Mouse,Accessories,54,30,2,60,19.03,1/11/2023,In Transit,,,,,,,,,,,,,
CUST0299,Female,North,Smartwatch,Wearables,58,200,4,800,9.43,8/3/2023,Returned,,,,,,,,,,,,,
CUST0123,Male,North,Smartwatch,Wearables,52,200,2,400,5.97,9/25/2023,In Transit,,,,,,,,,,,,,
CUST0231,Female,North,Laptop,Electronics,49,1500,5,7500,5.11,11/30/2023,Returned,,,,,,,,,,,,,
CUST0217,Male,South,Mouse,Accessories,18,30,3,90,11.7,10/20/2023,Unknown,,,,,,,,,,,,,
CUST0142,Male,East,Headphones,Accessories,32,100,5,500,12.38,1/1/2023,Returned,,,,,,,,,,,,,
CUST0200,Female,North,Smartphone,Electronics,68,800,4,3200,17.32,8/5/2023,Returned,,,,,,,,,,,,,
CUST0079,Male,West,Smartwatch,Wearables,26,200,2,400,7.14,1/4/2023,Returned,,,,,,,,,,,,,
CUST0201,Female,South,Headphones,Accessories,49,100,1,100,17.21,1/5/2023,In Transit,,,,,,,,,,,,,
CUST0133,Male,East,Laptop,Electronics,47,1500,1,1500,19.19,4/1/2023,Delivered,,,,,,,,,,,,,
CUST0055,Female,North,Mouse,Accessories,49,30,5,150,19.35,10/20/2023,Delivered,,,,,,,,,,,,,
CUST0023,Female,South,Laptop,Electronics,29,1500,5,7500,10.36,1/7/2023,Returned,,,,,,,,,,,,,
CUST0040,Male,Unknown,Smartwatch,Wearables,29,200,1,200,7.53,1/30/2023,Delivered,,,,,,,,,,,,,
